web-scraper-order,web-scraper-start-url,clave,razon_social
"1615211879-142","https://www.biva.mx/empresas/emisoras_inscritas/emisoras_inscritas?page=21","INMOBCK","BANCO INVEX, S.A., INSTITUCION DE BANCA MULTIPLE, INVEX GRUPO FINANCIERO"
"1615211866-79","https://www.biva.mx/empresas/emisoras_inscritas/emisoras_inscritas?page=27","PLANI","PLANIGRUPO LATAM, S.A.B. DE C.V."
"1615211904-253","https://www.biva.mx/empresas/emisoras_inscritas/emisoras_inscritas?page=10","DATCK","BANCO INVEX, S.A., INSTITUCION DE BANCA MULTIPLE, INVEX GRUPO FINANCIERO"
"1615211910-277","https://www.biva.mx/empresas/emisoras_inscritas/emisoras_inscritas?page=7","BXMX2PI","CIBANCO, S.A., INSTITUCIÓN DE BANCA MÚLTIPLE"
"1615211890-188","https://www.biva.mx/empresas/emisoras_inscritas/emisoras_inscritas?page=16","GAP","GRUPO AEROPORTUARIO DEL PACIFICO, S.A.B. DE C.V."
"1615211875-115","https://www.biva.mx/empresas/emisoras_inscritas/emisoras_inscritas?page=23","LASEG","LA LATINOAMERICANA SEGUROS, S.A."
"1615211870-100","https://www.biva.mx/empresas/emisoras_inscritas/emisoras_inscritas?page=25","MRPCK","THE BANK OF NEW YORK MELLON, S.A., INSTITUCIÓN DE BANCA MÚLTIPLE"
"1615211881-146","https://www.biva.mx/empresas/emisoras_inscritas/emisoras_inscritas?page=20","HV2PI","CIBANCO, S.A., INSTITUCIÓN DE BANCA MÚLTIPLE"
"1615211866-82","https://www.biva.mx/empresas/emisoras_inscritas/emisoras_inscritas?page=27","POCHTEC","GRUPO POCHTECA, S.A.B. DE C.V."
"1615211863-66","https://www.biva.mx/empresas/emisoras_inscritas/emisoras_inscritas?page=28","PSOTRAC","ACTINVER CASA DE BOLSA, S.A. DE C.V. , GRUPO FINANCIERO ACTINVER"
"1615211868-84","https://www.biva.mx/empresas/emisoras_inscritas/emisoras_inscritas?page=26","NEXXCK","BANCO INVEX, S.A., INSTITUCION DE BANCA MULTIPLE, INVEX GRUPO FINANCIERO"
"1615211917-307","https://www.biva.mx/empresas/emisoras_inscritas/emisoras_inscritas?page=4","ASUR","GRUPO AEROPORTUARIO DEL SURESTE, S.A.B. DE C.V."
"1615211859-50","https://www.biva.mx/empresas/emisoras_inscritas/emisoras_inscritas?page=30","SMARTRC","ACTINVER CASA DE BOLSA, S.A. DE C.V. , GRUPO FINANCIERO ACTINVER"
"1615211910-281","https://www.biva.mx/empresas/emisoras_inscritas/emisoras_inscritas?page=7","CAPGLPI","CIBANCO, S.A., INSTITUCIÓN DE BANCA MÚLTIPLE"
"1615211855-31","https://www.biva.mx/empresas/emisoras_inscritas/emisoras_inscritas?page=32","VALUEGF","VALUE GRUPO FINANCIERO, S.A.B. DE C.V."
"1615211866-74","https://www.biva.mx/empresas/emisoras_inscritas/emisoras_inscritas?page=27","PBFF1CK","BANCO NACIONAL DE MÉXICO, S.A., INTEGRANTE DEL GRUPO FINANCIERO BANAMEX"
"1615211912-286","https://www.biva.mx/empresas/emisoras_inscritas/emisoras_inscritas?page=6","BEELICK","BANCO ACTINVER, S.A. INSTITUCIÓN DE BANCA MÚLTIPLE, GRUPO FINANCIERO ACTINVER"
"1615211899-231","https://www.biva.mx/empresas/emisoras_inscritas/emisoras_inscritas?page=12","FCICK","BANCO INVEX, S.A., INSTITUCION DE BANCA MULTIPLE, INVEX GRUPO FINANCIERO"
"1615211855-27","https://www.biva.mx/empresas/emisoras_inscritas/emisoras_inscritas?page=32","TUCK","CIBANCO, S.A., INSTITUCIÓN DE BANCA MÚLTIPLE"
"1615211863-68","https://www.biva.mx/empresas/emisoras_inscritas/emisoras_inscritas?page=28","Q","QUÁLITAS CONTROLADORA, S.A.B. DE C.V."
"1615211881-144","https://www.biva.mx/empresas/emisoras_inscritas/emisoras_inscritas?page=20","HOTEL","GRUPO HOTELERO SANTA FE, S.A.B. DE C.V."
"1615211915-300","https://www.biva.mx/empresas/emisoras_inscritas/emisoras_inscritas?page=5","BANOB","BANCO NACIONAL DE OBRAS Y SERVICIOS PÚBLICOS SOCIEDAD NACIONAL DE CRÉDITO INSTITUCIÓN DE BANCA DE DESARROLLO"
"1615211861-59","https://www.biva.mx/empresas/emisoras_inscritas/emisoras_inscritas?page=29","SALUD","MAC HEALTH S.A.P.I. DE C.V."
"1615211924-340","https://www.biva.mx/empresas/emisoras_inscritas/emisoras_inscritas?page=1","ACTIN","ACTINVER CASA DE BOLSA, S.A. DE C.V., GRUPO FINANCIERO ACTINVER"
"1615211921-330","https://www.biva.mx/empresas/emisoras_inscritas/emisoras_inscritas?page=2","ALEATIC","ALEATICA, S.A.B. DE C.V."
"1615211884-157","https://www.biva.mx/empresas/emisoras_inscritas/emisoras_inscritas?page=19","GRUMA","GRUMA, S.A.B. DE C.V."
"1615211924-336","https://www.biva.mx/empresas/emisoras_inscritas/emisoras_inscritas?page=1","AA2CPI","BANCO INVEX, S.A., INSTITUCION DE BANCA MULTIPLE, INVEX GRUPO FINANCIERO"
"1615211852-14","https://www.biva.mx/empresas/emisoras_inscritas/emisoras_inscritas?page=33","VESTA","CORPORACIÓN INMOBILIARIA VESTA, S.A.B. DE C.V."
"1615211879-140","https://www.biva.mx/empresas/emisoras_inscritas/emisoras_inscritas?page=21","INFRAEX","BANCO ACTINVER, S.A. INSTITUCIÓN DE BANCA MÚLTIPLE, GRUPO FINANCIERO ACTINVER"
"1615211899-229","https://www.biva.mx/empresas/emisoras_inscritas/emisoras_inscritas?page=12","F1CC","BANCO INVEX, S.A., INSTITUCION DE BANCA MULTIPLE, INVEX GRUPO FINANCIERO"
"1615211855-28","https://www.biva.mx/empresas/emisoras_inscritas/emisoras_inscritas?page=32","UDITRAC","BANCO NACIONAL DE MÉXICO, S.A., INTEGRANTE DEL GRUPO FINANCIERO BANAMEX"
"1615211875-120","https://www.biva.mx/empresas/emisoras_inscritas/emisoras_inscritas?page=23","LIVEPOL","EL PUERTO DE LIVERPOOL, S.A.B. DE C.V."
"1615211899-227","https://www.biva.mx/empresas/emisoras_inscritas/emisoras_inscritas?page=12","EXICPI","BANCO NACIONAL DE MÉXICO, S.A., INTEGRANTE DEL GRUPO FINANCIERO BANAMEX"
"1615211881-147","https://www.biva.mx/empresas/emisoras_inscritas/emisoras_inscritas?page=20","IASASA","INDUSTRIA AUTOMOTRIZ, S.A. DE C.V."
"1615211888-182","https://www.biva.mx/empresas/emisoras_inscritas/emisoras_inscritas?page=17","GFINBUR","GRUPO FINANCIERO INBURSA, S.A.B. DE C.V."
"1615211852-19","https://www.biva.mx/empresas/emisoras_inscritas/emisoras_inscritas?page=33","VMEX","BANCO NACIONAL DE MÉXICO, S.A., INTEGRANTE DEL GRUPO FINANCIERO BANAMEX"
"1615211895-208","https://www.biva.mx/empresas/emisoras_inscritas/emisoras_inscritas?page=14","FIMMCK","THE BANK OF NEW YORK MELLON, S.A., INSTITUCIÓN DE BANCA MÚLTIPLE"
"1615211875-121","https://www.biva.mx/empresas/emisoras_inscritas/emisoras_inscritas?page=23","M10TRAC","BANCO NACIONAL DE MÉXICO, S.A., INTEGRANTE DEL GRUPO FINANCIERO BANAMEX"
"1615211890-193","https://www.biva.mx/empresas/emisoras_inscritas/emisoras_inscritas?page=16","GBMESCK","CIBANCO, S.A., INSTITUCIÓN DE BANCA MÚLTIPLE"
"1615211899-228","https://www.biva.mx/empresas/emisoras_inscritas/emisoras_inscritas?page=12","EXITCB","BANCO INVEX, S.A., INSTITUCION DE BANCA MULTIPLE, INVEX GRUPO FINANCIERO"
"1615211912-289","https://www.biva.mx/empresas/emisoras_inscritas/emisoras_inscritas?page=6","BIMBO","GRUPO BIMBO, S.A.B. DE C.V."
"1615211881-150","https://www.biva.mx/empresas/emisoras_inscritas/emisoras_inscritas?page=20","ICUA2CK","BANCO NACIONAL DE MÉXICO, S.A., INTEGRANTE DEL GRUPO FINANCIERO BANAMEX"
"1615211868-92","https://www.biva.mx/empresas/emisoras_inscritas/emisoras_inscritas?page=26","PAPPEL","BIO PAPPEL, S.A.B. DE C.V."
"1615211879-143","https://www.biva.mx/empresas/emisoras_inscritas/emisoras_inscritas?page=21","INVEX","INVEX CONTROLADORA, S.A.B. DE C.V."
"1615211866-80","https://www.biva.mx/empresas/emisoras_inscritas/emisoras_inscritas?page=27","PLANICK","BANCO INVEX, S.A., INSTITUCION DE BANCA MULTIPLE, INVEX GRUPO FINANCIERO"
"1615211892-197","https://www.biva.mx/empresas/emisoras_inscritas/emisoras_inscritas?page=15","FNOVA","BANCO ACTINVER, S.A. INSTITUCIÓN DE BANCA MÚLTIPLE, GRUPO FINANCIERO ACTINVER"
"1615211857-36","https://www.biva.mx/empresas/emisoras_inscritas/emisoras_inscritas?page=31","SVPI","CIBANCO, S.A., INSTITUCIÓN DE BANCA MÚLTIPLE"
"1615211917-309","https://www.biva.mx/empresas/emisoras_inscritas/emisoras_inscritas?page=4","AXIS2CK","CIBANCO, S.A., INSTITUCIÓN DE BANCA MÚLTIPLE"
"1615211899-226","https://www.biva.mx/empresas/emisoras_inscritas/emisoras_inscritas?page=12","EXICK","BANCO NACIONAL DE MÉXICO, S.A., INTEGRANTE DEL GRUPO FINANCIERO BANAMEX"
"1615211917-313","https://www.biva.mx/empresas/emisoras_inscritas/emisoras_inscritas?page=4","AYLLUPI","CIBANCO, S.A., INSTITUCIÓN DE BANCA MÚLTIPLE"
"1615211855-32","https://www.biva.mx/empresas/emisoras_inscritas/emisoras_inscritas?page=32","VASCONI","GRUPO VASCONIA S.A.B."
"1615211924-335","https://www.biva.mx/empresas/emisoras_inscritas/emisoras_inscritas?page=1","AA1CK","BANCO INVEX, S.A., INSTITUCION DE BANCA MULTIPLE, INVEX GRUPO FINANCIERO"
"1615211873-113","https://www.biva.mx/empresas/emisoras_inscritas/emisoras_inscritas?page=24","MINSA","GRUPO MINSA, S.A.B. DE C.V."
"1615211888-179","https://www.biva.mx/empresas/emisoras_inscritas/emisoras_inscritas?page=17","GENTERA","GENTERA, S.A.B. DE C.V."
"1615211881-151","https://www.biva.mx/empresas/emisoras_inscritas/emisoras_inscritas?page=20","ICUADCK","CIBANCO, S.A., INSTITUCIÓN DE BANCA MÚLTIPLE"
"1615211886-164","https://www.biva.mx/empresas/emisoras_inscritas/emisoras_inscritas?page=18","GFMULTI","GRUPO FINANCIERO MULTIVA S.A.B. DE C.V."
"1615211852-22","https://www.biva.mx/empresas/emisoras_inscritas/emisoras_inscritas?page=33","VTX2CK","BANCO NACIONAL DE MÉXICO, S.A., INTEGRANTE DEL GRUPO FINANCIERO BANAMEX"
"1615211861-54","https://www.biva.mx/empresas/emisoras_inscritas/emisoras_inscritas?page=29","RCOCB","THE BANK OF NEW YORK MELLON, S.A., INSTITUCIÓN DE BANCA MÚLTIPLE"
"1615211870-95","https://www.biva.mx/empresas/emisoras_inscritas/emisoras_inscritas?page=25","MIRAPI","CIBANCO, S.A., INSTITUCIÓN DE BANCA MÚLTIPLE"
"1615211863-71","https://www.biva.mx/empresas/emisoras_inscritas/emisoras_inscritas?page=28","QVGMEX","ACTINVER CASA DE BOLSA, S.A. DE C.V. , GRUPO FINANCIERO ACTINVER"
"1615211901-241","https://www.biva.mx/empresas/emisoras_inscritas/emisoras_inscritas?page=11","ELEKTRA","GRUPO ELEKTRA, S.A.B. DE C.V."
"1615211897-221","https://www.biva.mx/empresas/emisoras_inscritas/emisoras_inscritas?page=13","FIBRAHD","BANCO ACTINVER, S.A. INSTITUCIÓN DE BANCA MÚLTIPLE, GRUPO FINANCIERO ACTINVER"
"1615211852-21","https://www.biva.mx/empresas/emisoras_inscritas/emisoras_inscritas?page=33","VOLAR","CONTROLADORA VUELA COMPAÑÍA DE AVIACIÓN, S.A.B. DE C.V."
"1615211895-205","https://www.biva.mx/empresas/emisoras_inscritas/emisoras_inscritas?page=14","FIBRAUP","BANCO ACTINVER, S.A. INSTITUCIÓN DE BANCA MÚLTIPLE, GRUPO FINANCIERO ACTINVER"
"1615211921-329","https://www.biva.mx/empresas/emisoras_inscritas/emisoras_inscritas?page=2","AINDACK","BANCO INVEX, S.A., INSTITUCION DE BANCA MULTIPLE, INVEX GRUPO FINANCIERO"
"1615211912-284","https://www.biva.mx/empresas/emisoras_inscritas/emisoras_inscritas?page=6","BBVA","BANCO BILBAO VIZCAYA ARGENTARIA, S.A."
"1615211886-172","https://www.biva.mx/empresas/emisoras_inscritas/emisoras_inscritas?page=18","GNP","GRUPO NACIONAL PROVINCIAL, S.A.B."
"1615211873-110","https://www.biva.mx/empresas/emisoras_inscritas/emisoras_inscritas?page=24","MFRISCO","MINERA FRISCO, S.A.B. DE C.V."
"1615211910-276","https://www.biva.mx/empresas/emisoras_inscritas/emisoras_inscritas?page=7","BSMX","BANCO SANTANDER MÉXICO, S.A., INSTITUCIÓN DE BANCA MÚLTIPLE, GRUPO FINANCIERO SANTANDER"
"1615211875-118","https://www.biva.mx/empresas/emisoras_inscritas/emisoras_inscritas?page=23","LEXPI","CIBANCO, S.A., INSTITUCIÓN DE BANCA MÚLTIPLE"
"1615211886-170","https://www.biva.mx/empresas/emisoras_inscritas/emisoras_inscritas?page=18","GMEXICO","GRUPO MEXICO, S.A.B. DE C.V."
"1615211895-211","https://www.biva.mx/empresas/emisoras_inscritas/emisoras_inscritas?page=14","FINDEP","FINANCIERA INDEPENDENCIA, S.A.B. DE C.V. SOFOM, E.N.R."
"1615211919-319","https://www.biva.mx/empresas/emisoras_inscritas/emisoras_inscritas?page=3","ANGELD","ACTINVER CASA DE BOLSA, S.A. DE C.V. , GRUPO FINANCIERO ACTINVER"
"1615211881-148","https://www.biva.mx/empresas/emisoras_inscritas/emisoras_inscritas?page=20","ICA","EMPRESAS ICA, S.A.B. DE C.V."
"1615211873-111","https://www.biva.mx/empresas/emisoras_inscritas/emisoras_inscritas?page=24","MHNOSCK","BANCO NACIONAL DE MÉXICO, S.A., INTEGRANTE DEL GRUPO FINANCIERO BANAMEX"
"1615211884-159","https://www.biva.mx/empresas/emisoras_inscritas/emisoras_inscritas?page=19","GVIVA","GRUPO VIVA AEROBUS, S.A. DE C.V."
"1615211919-318","https://www.biva.mx/empresas/emisoras_inscritas/emisoras_inscritas?page=3","ANB","ANHEUSER-BUSCH INBEV SA/NV"
"1615211863-64","https://www.biva.mx/empresas/emisoras_inscritas/emisoras_inscritas?page=28","PRANACK","CIBANCO, S.A., INSTITUCIÓN DE BANCA MÚLTIPLE"
"1615211879-134","https://www.biva.mx/empresas/emisoras_inscritas/emisoras_inscritas?page=21","IGNIACK","DEUTSCHE BANK MÉXICO, S.A. INSTITUCIÓN DE BANCA MÚLTIPLE"
"1615211857-38","https://www.biva.mx/empresas/emisoras_inscritas/emisoras_inscritas?page=31","TEKCHEM","TEKCHEM, S.A.B. DE C.V."
"1615211910-274","https://www.biva.mx/empresas/emisoras_inscritas/emisoras_inscritas?page=7","BOCELCK","BANCO INVEX, S.A., INSTITUCION DE BANCA MULTIPLE, INVEX GRUPO FINANCIERO"
"1615211886-171","https://www.biva.mx/empresas/emisoras_inscritas/emisoras_inscritas?page=18","GMXT","GMÉXICO TRANSPORTES, S.A.B. DE C.V."
"1615211888-180","https://www.biva.mx/empresas/emisoras_inscritas/emisoras_inscritas?page=17","GEO","CORPORACION GEO, S.A.B. DE C.V."
"1615211881-149","https://www.biva.mx/empresas/emisoras_inscritas/emisoras_inscritas?page=20","ICH","INDUSTRIAS CH, S.A.B. DE C.V."
"1615211863-67","https://www.biva.mx/empresas/emisoras_inscritas/emisoras_inscritas?page=28","PV","PEÑA VERDE S.A.B."
"1615211873-109","https://www.biva.mx/empresas/emisoras_inscritas/emisoras_inscritas?page=24","MEXTRAC","NACIONAL FINANCIERA, S.N.C., INSTITUCIÓN DE BANCA DE DESARROLLO"
"1615211873-108","https://www.biva.mx/empresas/emisoras_inscritas/emisoras_inscritas?page=24","MEXRISK","NACIONAL FINANCIERA, S.N.C., INSTITUCIÓN DE BANCA DE DESARROLLO"
"1615211859-46","https://www.biva.mx/empresas/emisoras_inscritas/emisoras_inscritas?page=30","SFPLUS","SOFOPLUS, S.A.P.I. DE C.V., SOCIEDAD FINANCIERA DE OBJETO MÚLTIPLE, ENTIDAD REGULADA"
"1615211879-139","https://www.biva.mx/empresas/emisoras_inscritas/emisoras_inscritas?page=21","INFRACK","BANCO INVEX, S.A., INSTITUCION DE BANCA MULTIPLE, INVEX GRUPO FINANCIERO"
"1615211877-125","https://www.biva.mx/empresas/emisoras_inscritas/emisoras_inscritas?page=22","JAVER","SERVICIOS CORPORATIVOS JAVER, S.A.B. DE C.V."
"1615211888-174","https://www.biva.mx/empresas/emisoras_inscritas/emisoras_inscritas?page=17","GBMICK","DEUTSCHE BANK MÉXICO, S.A. INSTITUCIÓN DE BANCA MÚLTIPLE"
"1615211919-315","https://www.biva.mx/empresas/emisoras_inscritas/emisoras_inscritas?page=3","ALTUMCK","BANCO INVEX, S.A., INSTITUCION DE BANCA MULTIPLE, INVEX GRUPO FINANCIERO"
"1615211904-252","https://www.biva.mx/empresas/emisoras_inscritas/emisoras_inscritas?page=10","DANHOS","BANCO NACIONAL DE MÉXICO, S.A., INTEGRANTE DEL GRUPO FINANCIERO BANAMEX"
"1615211884-156","https://www.biva.mx/empresas/emisoras_inscritas/emisoras_inscritas?page=19","GRANDCK","BANCO INVEX, S.A., INSTITUCION DE BANCA MULTIPLE, INVEX GRUPO FINANCIERO"
"1615211921-326","https://www.biva.mx/empresas/emisoras_inscritas/emisoras_inscritas?page=2","AGRIEXP","AGRO INDUSTRIAL EXPORTADORA, S.A. DE C.V."
"1615211861-62","https://www.biva.mx/empresas/emisoras_inscritas/emisoras_inscritas?page=29","SARE","SARE HOLDING, S.A.B. DE C.V."
"1615211868-88","https://www.biva.mx/empresas/emisoras_inscritas/emisoras_inscritas?page=26","NXXMFCK","BANCO NACIONAL DE MÉXICO, S.A., INTEGRANTE DEL GRUPO FINANCIERO BANAMEX"
"1615211890-187","https://www.biva.mx/empresas/emisoras_inscritas/emisoras_inscritas?page=16","FVIA","BANCO INVEX, S.A., INSTITUCION DE BANCA MULTIPLE, INVEX GRUPO FINANCIERO"
"1615211897-215","https://www.biva.mx/empresas/emisoras_inscritas/emisoras_inscritas?page=13","FFLA1CK","BANCO INVEX, S.A., INSTITUCION DE BANCA MULTIPLE, INVEX GRUPO FINANCIERO"
"1615211857-42","https://www.biva.mx/empresas/emisoras_inscritas/emisoras_inscritas?page=31","TMM","GRUPO TMM, S.A."
"1615211877-130","https://www.biva.mx/empresas/emisoras_inscritas/emisoras_inscritas?page=22","KUO","GRUPO KUO, S.A.B. DE C.V."
"1615211873-106","https://www.biva.mx/empresas/emisoras_inscritas/emisoras_inscritas?page=24","MEGA","MEGACABLE HOLDINGS, S.A.B. DE C.V."
"1615211888-178","https://www.biva.mx/empresas/emisoras_inscritas/emisoras_inscritas?page=17","GENSEG","GENERAL DE SEGUROS, S.A.B."
"1615211899-224","https://www.biva.mx/empresas/emisoras_inscritas/emisoras_inscritas?page=12","EXI2CK","BANCO NACIONAL DE MÉXICO, S.A., INTEGRANTE DEL GRUPO FINANCIERO BANAMEX"
"1615211852-17","https://www.biva.mx/empresas/emisoras_inscritas/emisoras_inscritas?page=33","VISTA","VISTA OIL & GAS, S.A.B. DE C.V."
"1615211915-301","https://www.biva.mx/empresas/emisoras_inscritas/emisoras_inscritas?page=5","BANORTE","BANCO MERCANTIL DEL NORTE, S.A., INSTITUCIÓN DE BANCA MÚLTIPLE, GRUPO FINANCIERO BANORTE"
"1615211881-152","https://www.biva.mx/empresas/emisoras_inscritas/emisoras_inscritas?page=20","IDEAL","IMPULSORA DEL DESARROLLO Y EL EMPLEO EN AMERICA LATINA, S.A.B. DE C.V."
"1615211904-244","https://www.biva.mx/empresas/emisoras_inscritas/emisoras_inscritas?page=10","CSCK","BANCO NACIONAL DE MÉXICO, S.A., INTEGRANTE DEL GRUPO FINANCIERO BANAMEX"
"1615211906-263","https://www.biva.mx/empresas/emisoras_inscritas/emisoras_inscritas?page=9","CSBANCO","CONSUBANCO, S.A., INSTITUCIÓN DE BANCA MÚLTIPLE"
"1615211879-138","https://www.biva.mx/empresas/emisoras_inscritas/emisoras_inscritas?page=21","INDCK","CIBANCO, S.A., INSTITUCIÓN DE BANCA MÚLTIPLE"
"1615211919-321","https://www.biva.mx/empresas/emisoras_inscritas/emisoras_inscritas?page=3","ARAGOPI","CIBANCO, S.A., INSTITUCIÓN DE BANCA MÚLTIPLE"
"1615211901-235","https://www.biva.mx/empresas/emisoras_inscritas/emisoras_inscritas?page=11","DELTACK","BANCO INVEX, S.A., INSTITUCION DE BANCA MULTIPLE, INVEX GRUPO FINANCIERO"
"1615211917-306","https://www.biva.mx/empresas/emisoras_inscritas/emisoras_inscritas?page=4","ARTH5CK","CIBANCO, S.A., INSTITUCIÓN DE BANCA MÚLTIPLE"
"1615211917-310","https://www.biva.mx/empresas/emisoras_inscritas/emisoras_inscritas?page=4","AXISCK","BANCO NACIONAL DE MÉXICO, S.A., INTEGRANTE DEL GRUPO FINANCIERO BANAMEX"
"1615211877-132","https://www.biva.mx/empresas/emisoras_inscritas/emisoras_inscritas?page=22","LACOMER","LA COMER S.A.B. DE C.V."
"1615211890-189","https://www.biva.mx/empresas/emisoras_inscritas/emisoras_inscritas?page=16","GAPI","CIBANCO, S.A., INSTITUCIÓN DE BANCA MÚLTIPLE"
"1615211895-209","https://www.biva.mx/empresas/emisoras_inscritas/emisoras_inscritas?page=14","FIMUBCB","CIBANCO, S.A., INSTITUCIÓN DE BANCA MÚLTIPLE"
"1615211870-94","https://www.biva.mx/empresas/emisoras_inscritas/emisoras_inscritas?page=25","MINTCB","CIBANCO, S.A., INSTITUCIÓN DE BANCA MÚLTIPLE"
"1615211908-264","https://www.biva.mx/empresas/emisoras_inscritas/emisoras_inscritas?page=8","CERAMIC","INTERNACIONAL DE CERAMICA, S.A.B. DE C.V."
"1615211908-267","https://www.biva.mx/empresas/emisoras_inscritas/emisoras_inscritas?page=8","CHNTRAC","NACIONAL FINANCIERA, S.N.C., INSTITUCIÓN DE BANCA DE DESARROLLO"
"1615211904-249","https://www.biva.mx/empresas/emisoras_inscritas/emisoras_inscritas?page=10","CYDSASA","CYDSA, S.A.B. DE C.V."
"1615211855-26","https://www.biva.mx/empresas/emisoras_inscritas/emisoras_inscritas?page=32","TS","TENARIS S.A."
"1615211890-190","https://www.biva.mx/empresas/emisoras_inscritas/emisoras_inscritas?page=16","GAV","ACOSTA VERDE, S.A.B. DE C.V."
"1615211888-181","https://www.biva.mx/empresas/emisoras_inscritas/emisoras_inscritas?page=17","GFAMSA","GRUPO FAMSA, S.A.B. DE C.V."
"1615211861-61","https://www.biva.mx/empresas/emisoras_inscritas/emisoras_inscritas?page=29","SANT","CASA DE BOLSA SANTANDER, S.A. DE C.V., GRUPO FINANCIERO SANTANDER MEXICO"
"1615211881-145","https://www.biva.mx/empresas/emisoras_inscritas/emisoras_inscritas?page=20","HSBC","HSBC MÉXICO, S.A., INSTITUCIÓN DE BANCA MÚLTIPLE, GRUPO FINANCIERO HSBC"
"1615211890-186","https://www.biva.mx/empresas/emisoras_inscritas/emisoras_inscritas?page=16","FUNO","BANCO ACTINVER, S.A. INSTITUCIÓN DE BANCA MÚLTIPLE, GRUPO FINANCIERO ACTINVER"
"1615211892-200","https://www.biva.mx/empresas/emisoras_inscritas/emisoras_inscritas?page=15","FORTMCK","BANCO ACTINVER, S.A. INSTITUCIÓN DE BANCA MÚLTIPLE, GRUPO FINANCIERO ACTINVER"
"1615211886-169","https://www.biva.mx/empresas/emisoras_inscritas/emisoras_inscritas?page=18","GMD","GRUPO MEXICANO DE DESARROLLO, S.A.B."
"1615211915-297","https://www.biva.mx/empresas/emisoras_inscritas/emisoras_inscritas?page=5","BAFAR","GRUPO BAFAR, S.A.B. DE C.V."
"1615211859-47","https://www.biva.mx/empresas/emisoras_inscritas/emisoras_inscritas?page=30","SIMEC","GRUPO SIMEC, S.A.B. DE C.V."
"1615211861-57","https://www.biva.mx/empresas/emisoras_inscritas/emisoras_inscritas?page=29","RRGCK","CIBANCO, S.A., INSTITUCIÓN DE BANCA MÚLTIPLE"
"1615211915-298","https://www.biva.mx/empresas/emisoras_inscritas/emisoras_inscritas?page=5","BAFIRME","BANCA AFIRME, S.A., INSTITUCION DE BANCA MULTIPLE, AFIRME GRUPO FINANCIERO"
"1615211859-45","https://www.biva.mx/empresas/emisoras_inscritas/emisoras_inscritas?page=30","SCTIA","SCOTIA INVERLAT CASA DE BOLSA. S.A. DE C.V. GRUPO FINANCIERO SCOTIABANK INVERLAT"
"1615211866-81","https://www.biva.mx/empresas/emisoras_inscritas/emisoras_inscritas?page=27","PMCAPCK","BANCO INVEX, S.A., INSTITUCION DE BANCA MULTIPLE, INVEX GRUPO FINANCIERO"
"1615211897-217","https://www.biva.mx/empresas/emisoras_inscritas/emisoras_inscritas?page=13","FFLA3CK","BANCO INVEX, S.A., INSTITUCION DE BANCA MULTIPLE, INVEX GRUPO FINANCIERO"
"1615211884-158","https://www.biva.mx/empresas/emisoras_inscritas/emisoras_inscritas?page=19","GSANBOR","GRUPO SANBORNS, S.A.B. DE C.V."
"1615211912-285","https://www.biva.mx/empresas/emisoras_inscritas/emisoras_inscritas?page=6","BCCK","CIBANCO, S.A., INSTITUCIÓN DE BANCA MÚLTIPLE"
"1615211897-223","https://www.biva.mx/empresas/emisoras_inscritas/emisoras_inscritas?page=13","FIBRAPL","BANCO ACTINVER, S.A. INSTITUCIÓN DE BANCA MÚLTIPLE, GRUPO FINANCIERO ACTINVER"
"1615211910-282","https://www.biva.mx/empresas/emisoras_inscritas/emisoras_inscritas?page=7","CARZACK","CIBANCO, S.A., INSTITUCIÓN DE BANCA MÚLTIPLE"
"1615211915-302","https://www.biva.mx/empresas/emisoras_inscritas/emisoras_inscritas?page=5","BANTECB","BANCO INVEX, S.A., INSTITUCION DE BANCA MULTIPLE, INVEX GRUPO FINANCIERO"
"1615211859-44","https://www.biva.mx/empresas/emisoras_inscritas/emisoras_inscritas?page=30","SCGCK","CIBANCO, S.A., INSTITUCIÓN DE BANCA MÚLTIPLE"
"1615211910-283","https://www.biva.mx/empresas/emisoras_inscritas/emisoras_inscritas?page=7","CEMEX","CEMEX, S.A.B. DE C.V."
"1615211886-168","https://www.biva.mx/empresas/emisoras_inscritas/emisoras_inscritas?page=18","GISSA","GRUPO INDUSTRIAL SALTILLO, S.A.B. DE C.V."
"1615211870-96","https://www.biva.mx/empresas/emisoras_inscritas/emisoras_inscritas?page=25","MOLYMET","MOLIBDENOS Y METALES S.A."
"1615211888-176","https://www.biva.mx/empresas/emisoras_inscritas/emisoras_inscritas?page=17","GCC","GRUPO CEMENTOS DE CHIHUAHUA, S.A.B. DE C.V."
"1615211906-261","https://www.biva.mx/empresas/emisoras_inscritas/emisoras_inscritas?page=9","CRELCB","BANCO ACTINVER, S.A. INSTITUCIÓN DE BANCA MÚLTIPLE, GRUPO FINANCIERO ACTINVER"
"1615211873-107","https://www.biva.mx/empresas/emisoras_inscritas/emisoras_inscritas?page=24","MEXMTUM","NACIONAL FINANCIERA, S.N.C., INSTITUCIÓN DE BANCA DE DESARROLLO"
"1615211908-272","https://www.biva.mx/empresas/emisoras_inscritas/emisoras_inscritas?page=8","CMOCTEZ","CORPORACION MOCTEZUMA, S.A.B. DE C.V."
"1615211866-75","https://www.biva.mx/empresas/emisoras_inscritas/emisoras_inscritas?page=27","PE&OLES","INDUSTRIAS PEÑOLES, S.A.B. DE C. V."
"1615211884-155","https://www.biva.mx/empresas/emisoras_inscritas/emisoras_inscritas?page=19","GPROFUT","GRUPO PROFUTURO, S.A.B. DE C.V."
"1615211873-105","https://www.biva.mx/empresas/emisoras_inscritas/emisoras_inscritas?page=24","MEDICA","MÉDICA SUR, S.A.B. DE C.V"
"1615211895-206","https://www.biva.mx/empresas/emisoras_inscritas/emisoras_inscritas?page=14","FIDEAL","BANCO INVEX, S.A., INSTITUCION DE BANCA MULTIPLE, INVEX GRUPO FINANCIERO"
"1615211890-184","https://www.biva.mx/empresas/emisoras_inscritas/emisoras_inscritas?page=16","FSHOP","CIBANCO, S.A., INSTITUCIÓN DE BANCA MÚLTIPLE"
"1615211877-131","https://www.biva.mx/empresas/emisoras_inscritas/emisoras_inscritas?page=22","LAB","GENOMMA LAB INTERNACIONAL, S.A.B. DE C.V."
"1615211908-273","https://www.biva.mx/empresas/emisoras_inscritas/emisoras_inscritas?page=8","CMR","CMR, S.A.B. DE C.V."
"1615211919-322","https://www.biva.mx/empresas/emisoras_inscritas/emisoras_inscritas?page=3","ARISTOS","CONSORCIO ARISTOS, S.A.B. DE C.V."
"1615211921-328","https://www.biva.mx/empresas/emisoras_inscritas/emisoras_inscritas?page=2","AHMSA","ALTOS HORNOS DE MEXICO, S.A. DE C.V."
"1615211924-342","https://www.biva.mx/empresas/emisoras_inscritas/emisoras_inscritas?page=1","ACTPI","CIBANCO, S.A., INSTITUCIÓN DE BANCA MÚLTIPLE"
"1615211863-65","https://www.biva.mx/empresas/emisoras_inscritas/emisoras_inscritas?page=28","PROCORP","PROCORP, S.A.B. DE C.V."
"1615211924-341","https://www.biva.mx/empresas/emisoras_inscritas/emisoras_inscritas?page=1","ACTINVR","CORPORACIÓN ACTINVER, S.A.B. DE C.V."
"1615211921-327","https://www.biva.mx/empresas/emisoras_inscritas/emisoras_inscritas?page=2","AGUA","GRUPO ROTOPLAS, S.A.B. DE C.V."
"1615211857-35","https://www.biva.mx/empresas/emisoras_inscritas/emisoras_inscritas?page=31","STORAGE","CIBANCO, S.A., INSTITUCIÓN DE BANCA MÚLTIPLE"
"1615211884-160","https://www.biva.mx/empresas/emisoras_inscritas/emisoras_inscritas?page=19","HCITY","HOTELES CITY EXPRESS, S.A.B. DE C.V."
"1615211892-202","https://www.biva.mx/empresas/emisoras_inscritas/emisoras_inscritas?page=15","FRAGUA","CORPORATIVO FRAGUA, S.A.B. DE C.V."
"1615211873-104","https://www.biva.mx/empresas/emisoras_inscritas/emisoras_inscritas?page=24","MAXCOM","MAXCOM TELECOMUNICACIONES, S.A.B. DE C.V."
"1615211873-112","https://www.biva.mx/empresas/emisoras_inscritas/emisoras_inscritas?page=24","MILATRC","ACTINVER CASA DE BOLSA, S.A. DE C.V. , GRUPO FINANCIERO ACTINVER"
"1615211861-60","https://www.biva.mx/empresas/emisoras_inscritas/emisoras_inscritas?page=29","SAN","BANCO SANTANDER, S.A."
"1615211884-163","https://www.biva.mx/empresas/emisoras_inscritas/emisoras_inscritas?page=19","HOMEX","DESARROLLADORA HOMEX, S.A.B. DE C.V."
"1615211868-85","https://www.biva.mx/empresas/emisoras_inscritas/emisoras_inscritas?page=26","NGCFICK","BANCO INVEX, S.A., INSTITUCION DE BANCA MULTIPLE, INVEX GRUPO FINANCIERO"
"1615211915-303","https://www.biva.mx/empresas/emisoras_inscritas/emisoras_inscritas?page=5","BBAJIO","BANCO DEL BAJÍO, S.A., INSTITUCIÓN DE BANCA MÚLTIPLE"
"1615211859-51","https://www.biva.mx/empresas/emisoras_inscritas/emisoras_inscritas?page=30","SOMA","CIBANCO, S.A., INSTITUCIÓN DE BANCA MÚLTIPLE"
"1615211861-55","https://www.biva.mx/empresas/emisoras_inscritas/emisoras_inscritas?page=29","RIVERCK","BANCO NACIONAL DE MÉXICO, S.A., INTEGRANTE DEL GRUPO FINANCIERO BANAMEX"
"1615211875-114","https://www.biva.mx/empresas/emisoras_inscritas/emisoras_inscritas?page=23","LAMOSA","GRUPO LAMOSA, S.A.B. DE C.V."
"1615211892-196","https://www.biva.mx/empresas/emisoras_inscritas/emisoras_inscritas?page=15","FNCOT","INSTITUTO DEL FONDO NACIONAL PARA EL CONSUMO DE LOS TRABAJADORES"
"1615211897-214","https://www.biva.mx/empresas/emisoras_inscritas/emisoras_inscritas?page=13","FFBANCK","BANCO INVEX, S.A., INSTITUCION DE BANCA MULTIPLE, INVEX GRUPO FINANCIERO"
"1615211915-296","https://www.biva.mx/empresas/emisoras_inscritas/emisoras_inscritas?page=5","BACOMER","BBVA BANCOMER, S.A., INSTITUCIÓN DE BANCA MÚLTIPLE, GRUPO FINANCIERO BBVA BANCOMER"
"1615211897-216","https://www.biva.mx/empresas/emisoras_inscritas/emisoras_inscritas?page=13","FFLA2CK","BANCO INVEX, S.A., INSTITUCION DE BANCA MULTIPLE, INVEX GRUPO FINANCIERO"
"1615211850-12","https://www.biva.mx/empresas/emisoras_inscritas/emisoras_inscritas?page=34","WSMX2CK","BANCO INVEX, S.A., INSTITUCION DE BANCA MULTIPLE, INVEX GRUPO FINANCIERO"
"1615211910-280","https://www.biva.mx/empresas/emisoras_inscritas/emisoras_inscritas?page=7","CADU","CORPOVAEL S.A.B. DE C.V."
"1615211877-126","https://www.biva.mx/empresas/emisoras_inscritas/emisoras_inscritas?page=22","KIMBER","KIMBERLY - CLARK DE MEXICO S.A.B. DE C.V."
"1615211901-237","https://www.biva.mx/empresas/emisoras_inscritas/emisoras_inscritas?page=11","DINE","DINE, S.A.B. DE C.V."
"1615211857-34","https://www.biva.mx/empresas/emisoras_inscritas/emisoras_inscritas?page=31","STEPCC","BANCO MONEX, S.A., INSTITUCIÓN DE BANCA MÚLTIPLE, MONEX GRUPO FINANCIERO"
"1615211886-165","https://www.biva.mx/empresas/emisoras_inscritas/emisoras_inscritas?page=18","GFNORTE","GRUPO FINANCIERO BANORTE, S.A.B DE C.V."
"1615211912-291","https://www.biva.mx/empresas/emisoras_inscritas/emisoras_inscritas?page=6","BLKCPI","CIBANCO, S.A., INSTITUCIÓN DE BANCA MÚLTIPLE"
"1615211901-234","https://www.biva.mx/empresas/emisoras_inscritas/emisoras_inscritas?page=11","DATPCK","BANCO INVEX, S.A., INSTITUCION DE BANCA MULTIPLE, INVEX GRUPO FINANCIERO"
"1615211892-194","https://www.biva.mx/empresas/emisoras_inscritas/emisoras_inscritas?page=15","FINWSCK","BANCO INVEX, S.A., INSTITUCION DE BANCA MULTIPLE, INVEX GRUPO FINANCIERO"
"1615211921-325","https://www.biva.mx/empresas/emisoras_inscritas/emisoras_inscritas?page=2","AGCCK","HSBC MEXICO, S.A., INSTITUCIÓN DE BANCA MÚLTIPLE, GRUPO FINANCIERO HSBC"
"1615211895-207","https://www.biva.mx/empresas/emisoras_inscritas/emisoras_inscritas?page=14","FIHO","DEUTSCHE BANK MÉXICO, S.A. INSTITUCIÓN DE BANCA MÚLTIPLE"
"1615211895-212","https://www.biva.mx/empresas/emisoras_inscritas/emisoras_inscritas?page=14","FINN","CIBANCO, S.A., INSTITUCIÓN DE BANCA MÚLTIPLE"
"1615211866-76","https://www.biva.mx/empresas/emisoras_inscritas/emisoras_inscritas?page=27","PGGVPI","CIBANCO, S.A., INSTITUCIÓN DE BANCA MÚLTIPLE"
"1615211857-39","https://www.biva.mx/empresas/emisoras_inscritas/emisoras_inscritas?page=31","TERRA","CIBANCO, S.A., INSTITUCIÓN DE BANCA MÚLTIPLE"
"1615211870-99","https://www.biva.mx/empresas/emisoras_inscritas/emisoras_inscritas?page=25","MRP2CK","CIBANCO, S.A., INSTITUCIÓN DE BANCA MÚLTIPLE"
"1615211899-232","https://www.biva.mx/empresas/emisoras_inscritas/emisoras_inscritas?page=12","FEFA","FONDO ESPECIAL PARA FINANCIAMIENTOS AGROPECUARIOS"
"1615211870-97","https://www.biva.mx/empresas/emisoras_inscritas/emisoras_inscritas?page=25","MONEX","MONEX, S.A.B. DE C.V."
"1615211875-119","https://www.biva.mx/empresas/emisoras_inscritas/emisoras_inscritas?page=23","LIVCK","BANCO INVEX, S.A., INSTITUCION DE BANCA MULTIPLE, INVEX GRUPO FINANCIERO"
"1615211859-53","https://www.biva.mx/empresas/emisoras_inscritas/emisoras_inscritas?page=30","SPORT","GRUPO SPORTS WORLD, S.A.B. DE C.V."
"1615211917-304","https://www.biva.mx/empresas/emisoras_inscritas/emisoras_inscritas?page=4","ARTCK","CIBANCO, S.A., INSTITUCIÓN DE BANCA MÚLTIPLE"
"1615211855-33","https://www.biva.mx/empresas/emisoras_inscritas/emisoras_inscritas?page=32","VERTXCK","HSBC MEXICO, S.A., INSTITUCIÓN DE BANCA MÚLTIPLE, GRUPO FINANCIERO HSBC"
"1615211915-295","https://www.biva.mx/empresas/emisoras_inscritas/emisoras_inscritas?page=5","BACHOCO","INDUSTRIAS BACHOCO, S.A.B. DE C.V."
"1615211868-90","https://www.biva.mx/empresas/emisoras_inscritas/emisoras_inscritas?page=26","OMA","GRUPO AEROPORTUARIO DEL CENTRO NORTE, S.A.B. DE C.V."
"1615211857-37","https://www.biva.mx/empresas/emisoras_inscritas/emisoras_inscritas?page=31","TEAK","PROTEAK UNO, S.A.B. DE C.V."
"1615211857-40","https://www.biva.mx/empresas/emisoras_inscritas/emisoras_inscritas?page=31","THERMCK","CIBANCO, S.A., INSTITUCIÓN DE BANCA MÚLTIPLE"
"1615211866-78","https://www.biva.mx/empresas/emisoras_inscritas/emisoras_inscritas?page=27","PLA2CK","CIBANCO, S.A., INSTITUCIÓN DE BANCA MÚLTIPLE"
"1615211919-323","https://www.biva.mx/empresas/emisoras_inscritas/emisoras_inscritas?page=3","ARRENCB","CIBANCO, S.A., INSTITUCIÓN DE BANCA MÚLTIPLE"
"1615211924-343","https://www.biva.mx/empresas/emisoras_inscritas/emisoras_inscritas?page=1","ADMEXCK","BANCO INVEX, S.A., INSTITUCION DE BANCA MULTIPLE, INVEX GRUPO FINANCIERO"
"1615211886-167","https://www.biva.mx/empresas/emisoras_inscritas/emisoras_inscritas?page=18","GIGANTE","GRUPO GIGANTE, S.A.B. DE C.V."
"1615211910-279","https://www.biva.mx/empresas/emisoras_inscritas/emisoras_inscritas?page=7","CABLE","EMPRESAS CABLEVISION, S.A. DE C.V."
"1615211875-123","https://www.biva.mx/empresas/emisoras_inscritas/emisoras_inscritas?page=23","MASLCB","CIBANCO, S.A., INSTITUCIÓN DE BANCA MÚLTIPLE"
"1615211879-135","https://www.biva.mx/empresas/emisoras_inscritas/emisoras_inscritas?page=21","IGS3CK","BANCO INVEX, S.A., INSTITUCION DE BANCA MULTIPLE, INVEX GRUPO FINANCIERO"
"1615211870-103","https://www.biva.mx/empresas/emisoras_inscritas/emisoras_inscritas?page=25","NEXX6CK","BANCO NACIONAL DE MÉXICO, S.A., INTEGRANTE DEL GRUPO FINANCIERO BANAMEX"
"1615211855-30","https://www.biva.mx/empresas/emisoras_inscritas/emisoras_inscritas?page=32","URBI","URBI DESARROLLOS URBANOS, S.A.B. DE C.V."
"1615211866-83","https://www.biva.mx/empresas/emisoras_inscritas/emisoras_inscritas?page=27","POSADAS","GRUPO POSADAS, S.A.B. DE C.V."
"1615211855-24","https://www.biva.mx/empresas/emisoras_inscritas/emisoras_inscritas?page=32","TPLAYCB","CIBANCO, S.A., INSTITUCIÓN DE BANCA MÚLTIPLE"
"1615211888-175","https://www.biva.mx/empresas/emisoras_inscritas/emisoras_inscritas?page=17","GCARSO","GRUPO CARSO, S.A.B. DE C.V."
"1615211901-242","https://www.biva.mx/empresas/emisoras_inscritas/emisoras_inscritas?page=11","ELEMENT","ELEMENTIA, S.A.B. DE C.V."
"1615211886-166","https://www.biva.mx/empresas/emisoras_inscritas/emisoras_inscritas?page=18","GICSA","GRUPO GICSA, S.A.B. DE C.V."
"1615211924-337","https://www.biva.mx/empresas/emisoras_inscritas/emisoras_inscritas?page=1","AC","ARCA CONTINENTAL, S.A.B. DE C.V."
"1615211892-199","https://www.biva.mx/empresas/emisoras_inscritas/emisoras_inscritas?page=15","FORION","BANCO ACTINVER, S.A. INSTITUCIÓN DE BANCA MÚLTIPLE, GRUPO FINANCIERO ACTINVER"
"1615211884-154","https://www.biva.mx/empresas/emisoras_inscritas/emisoras_inscritas?page=19","GPH","GRUPO PALACIO DE HIERRO, S.A.B. DE C.V."
"1615211855-25","https://www.biva.mx/empresas/emisoras_inscritas/emisoras_inscritas?page=32","TRAXION","GRUPO TRAXIÓN S.A.B DE C.V."
"1615211863-70","https://www.biva.mx/empresas/emisoras_inscritas/emisoras_inscritas?page=28","QUMMA","GRUPO QUMMA, S.A. DE C.V."
"1615211917-312","https://www.biva.mx/empresas/emisoras_inscritas/emisoras_inscritas?page=4","AXTEL","AXTEL, S.A.B. DE C.V."
"1615211919-320","https://www.biva.mx/empresas/emisoras_inscritas/emisoras_inscritas?page=3","ARA","CONSORCIO ARA, S.A.B. DE C.V."
"1615211877-127","https://www.biva.mx/empresas/emisoras_inscritas/emisoras_inscritas?page=22","KKR2PI","CIBANCO, S.A., INSTITUCIÓN DE BANCA MÚLTIPLE"
"1615211868-86","https://www.biva.mx/empresas/emisoras_inscritas/emisoras_inscritas?page=26","NGPE2CK","CIBANCO, S.A., INSTITUCIÓN DE BANCA MÚLTIPLE"
"1615211906-260","https://www.biva.mx/empresas/emisoras_inscritas/emisoras_inscritas?page=9","CREALCB","BANCO INVEX, S.A., INSTITUCION DE BANCA MULTIPLE, INVEX GRUPO FINANCIERO"
"1615211877-133","https://www.biva.mx/empresas/emisoras_inscritas/emisoras_inscritas?page=22","LALA","GRUPO LALA, S.A.B. DE C.V."
"1615211897-219","https://www.biva.mx/empresas/emisoras_inscritas/emisoras_inscritas?page=13","FHIPO","BANCO INVEX, S.A., INSTITUCION DE BANCA MULTIPLE, INVEX GRUPO FINANCIERO"
"1615211879-141","https://www.biva.mx/empresas/emisoras_inscritas/emisoras_inscritas?page=21","INGEAL","INGEAL, S.A.B. DE C.V."
"1615211901-240","https://www.biva.mx/empresas/emisoras_inscritas/emisoras_inscritas?page=11","EDUCA","BANCO INVEX, S.A., INSTITUCION DE BANCA MULTIPLE, INVEX GRUPO FINANCIERO"
"1615211852-20","https://www.biva.mx/empresas/emisoras_inscritas/emisoras_inscritas?page=33","VMZCK","BANCO INVEX, S.A., INSTITUCION DE BANCA MULTIPLE, INVEX GRUPO FINANCIERO"
"1615211870-101","https://www.biva.mx/empresas/emisoras_inscritas/emisoras_inscritas?page=25","NAFTRAC","NACIONAL FINANCIERA, S.N.C., INSTITUCIÓN DE BANCA DE DESARROLLO"
"1615211884-162","https://www.biva.mx/empresas/emisoras_inscritas/emisoras_inscritas?page=19","HIMEXSA","HIMEXSA, S.A.B. de C.V."
"1615211908-268","https://www.biva.mx/empresas/emisoras_inscritas/emisoras_inscritas?page=8","CIDMEGA","GRUPE, S.A.B. DE C.V."
"1615211904-245","https://www.biva.mx/empresas/emisoras_inscritas/emisoras_inscritas?page=10","CSMRTCK","CIBANCO, S.A., INSTITUCIÓN DE BANCA MÚLTIPLE"
"1615211897-220","https://www.biva.mx/empresas/emisoras_inscritas/emisoras_inscritas?page=13","FHIPOCB","BANCO INVEX, S.A., INSTITUCION DE BANCA MULTIPLE, INVEX GRUPO FINANCIERO"
"1615211868-87","https://www.biva.mx/empresas/emisoras_inscritas/emisoras_inscritas?page=26","NMK","CONTROLADORA NEMAK, S.A.B. DE C.V."
"1615211912-292","https://www.biva.mx/empresas/emisoras_inscritas/emisoras_inscritas?page=6","BLKPEPI","CIBANCO, S.A., INSTITUCIÓN DE BANCA MÚLTIPLE"
"1615211897-222","https://www.biva.mx/empresas/emisoras_inscritas/emisoras_inscritas?page=13","FIBRAMQ","CIBANCO, S.A., INSTITUCIÓN DE BANCA MÚLTIPLE"
"1615211861-58","https://www.biva.mx/empresas/emisoras_inscritas/emisoras_inscritas?page=29","RSRENCK","BANCO NACIONAL DE MÉXICO, S.A., INTEGRANTE DEL GRUPO FINANCIERO BANAMEX"
"1615211859-49","https://www.biva.mx/empresas/emisoras_inscritas/emisoras_inscritas?page=30","SITES","TELESITES, S.A.B. DE C.V."
"1615211906-262","https://www.biva.mx/empresas/emisoras_inscritas/emisoras_inscritas?page=9","CS2CK","BANCO NACIONAL DE MÉXICO, S.A., INTEGRANTE DEL GRUPO FINANCIERO BANAMEX"
"1615211899-225","https://www.biva.mx/empresas/emisoras_inscritas/emisoras_inscritas?page=12","EXI3CK","BANCO ACTINVER, S.A. INSTITUCIÓN DE BANCA MÚLTIPLE, GRUPO FINANCIERO ACTINVER"
"1615211912-288","https://www.biva.mx/empresas/emisoras_inscritas/emisoras_inscritas?page=6","BIAFIRM","BANCO DE INVERSIÓN AFIRME, S.A. INSTITUCION DE BANCA MÚLTIPLE, AFIRME GRUPO FINANCIERO"
"1615211917-311","https://www.biva.mx/empresas/emisoras_inscritas/emisoras_inscritas?page=4","AXO","GRUPO AXO, S.A.P.I DE C.V."
"1615211868-93","https://www.biva.mx/empresas/emisoras_inscritas/emisoras_inscritas?page=26","PASA","PROMOTORA AMBIENTAL, S.A.B. DE C.V."
"1615211857-41","https://www.biva.mx/empresas/emisoras_inscritas/emisoras_inscritas?page=31","TLEVISA","GRUPO TELEVISA, S.A.B."
"1615211908-271","https://www.biva.mx/empresas/emisoras_inscritas/emisoras_inscritas?page=8","CLNYCK","DEUTSCHE BANK MÉXICO, S.A. INSTITUCIÓN DE BANCA MÚLTIPLE"
"1615211921-331","https://www.biva.mx/empresas/emisoras_inscritas/emisoras_inscritas?page=2","ALFA","ALFA, S.A.B. DE C.V."
"1615211886-173","https://www.biva.mx/empresas/emisoras_inscritas/emisoras_inscritas?page=18","GOMO","GRUPO COMERCIAL GOMO, S.A. DE C.V."
"1615211899-233","https://www.biva.mx/empresas/emisoras_inscritas/emisoras_inscritas?page=12","FEMSA","FOMENTO ECONÓMICO MEXICANO, S.A.B. DE C.V."
"1615211904-246","https://www.biva.mx/empresas/emisoras_inscritas/emisoras_inscritas?page=10","CTIGOCB","BANCO INVEX, S.A., INSTITUCION DE BANCA MULTIPLE, INVEX GRUPO FINANCIERO"
"1615211852-18","https://www.biva.mx/empresas/emisoras_inscritas/emisoras_inscritas?page=33","VITRO","VITRO, S.A.B. DE C.V."
"1615211852-15","https://www.biva.mx/empresas/emisoras_inscritas/emisoras_inscritas?page=33","VEXCK","CIBANCO, S.A., INSTITUCIÓN DE BANCA MÚLTIPLE"
"1615211897-218","https://www.biva.mx/empresas/emisoras_inscritas/emisoras_inscritas?page=13","FFLA4CK","BANCO INVEX, S.A., INSTITUCION DE BANCA MULTIPLE, INVEX GRUPO FINANCIERO"
"1615211924-338","https://www.biva.mx/empresas/emisoras_inscritas/emisoras_inscritas?page=1","ACCELSA","ACCEL, S.A.B. DE C.V."
"1615211906-254","https://www.biva.mx/empresas/emisoras_inscritas/emisoras_inscritas?page=9","COLLADO","G COLLADO, S.A.B. DE C.V."
"1615211892-198","https://www.biva.mx/empresas/emisoras_inscritas/emisoras_inscritas?page=15","FNSA3CK","BANCO INVEX, S.A., INSTITUCION DE BANCA MULTIPLE, INVEX GRUPO FINANCIERO"
"1615211868-91","https://www.biva.mx/empresas/emisoras_inscritas/emisoras_inscritas?page=26","ORBIA","ORBIA ADVANCE CORPORATION, S.A.B. DE C.V."
"1615211855-29","https://www.biva.mx/empresas/emisoras_inscritas/emisoras_inscritas?page=32","UNIFIN","UNIFIN FINANCIERA, S.A.B. DE C.V."
"1615211904-248","https://www.biva.mx/empresas/emisoras_inscritas/emisoras_inscritas?page=10","CULTIBA","ORGANIZACIÓN CULTIBA, S.A.B. DE CV"
"1615211906-256","https://www.biva.mx/empresas/emisoras_inscritas/emisoras_inscritas?page=9","CONVER","CONVERTIDORA INDUSTRIAL, S.A.B. DE C.V."
"1615211852-23","https://www.biva.mx/empresas/emisoras_inscritas/emisoras_inscritas?page=33","WALMEX","WAL - MART DE MEXICO, S.A.B. DE C.V."
"1615211904-247","https://www.biva.mx/empresas/emisoras_inscritas/emisoras_inscritas?page=10","CUERVO","BECLE, S.A.B. DE C.V."
"1615211892-203","https://www.biva.mx/empresas/emisoras_inscritas/emisoras_inscritas?page=15","FRES","FRESNILLO PLC"
"1615211924-334","https://www.biva.mx/empresas/emisoras_inscritas/emisoras_inscritas?page=1","123LCB","BANCO ACTINVER, S.A. INSTITUCIÓN DE BANCA MÚLTIPLE, GRUPO FINANCIERO ACTINVER"
"1615211901-239","https://www.biva.mx/empresas/emisoras_inscritas/emisoras_inscritas?page=11","EDOARDO","EDOARDOS MARTIN, S.A.B. DE C.V."
"1615211917-308","https://www.biva.mx/empresas/emisoras_inscritas/emisoras_inscritas?page=4","AUTLAN","COMPAÑIA MINERA AUTLAN, S.A.B. DE C. V."
"1615211890-191","https://www.biva.mx/empresas/emisoras_inscritas/emisoras_inscritas?page=16","GAVACK","CIBANCO, S.A., INSTITUCIÓN DE BANCA MÚLTIPLE"
"1615211912-287","https://www.biva.mx/empresas/emisoras_inscritas/emisoras_inscritas?page=6","BEVIDES","FARMACIAS BENAVIDES, S.A.B. DE C.V."
"1615211915-294","https://www.biva.mx/empresas/emisoras_inscritas/emisoras_inscritas?page=5","AZTECA","TV AZTECA, S.A.B. DE C.V."
"1615211859-52","https://www.biva.mx/empresas/emisoras_inscritas/emisoras_inscritas?page=30","SORIANA","ORGANIZACIÓN SORIANA, S.A.B. DE C.V."
"1615211863-72","https://www.biva.mx/empresas/emisoras_inscritas/emisoras_inscritas?page=28","R","REGIONAL, S.A.B. DE C.V."
"1615211921-333","https://www.biva.mx/empresas/emisoras_inscritas/emisoras_inscritas?page=2","ALPEK","ALPEK, S.A.B. DE C.V."
"1615211877-128","https://www.biva.mx/empresas/emisoras_inscritas/emisoras_inscritas?page=22","KKRPI","CIBANCO, S.A., INSTITUCIÓN DE BANCA MÚLTIPLE"
"1615211906-259","https://www.biva.mx/empresas/emisoras_inscritas/emisoras_inscritas?page=9","CREAL","CREDITO REAL, S.A.B. DE C.V., SOFOM, E.R."
"1615211888-183","https://www.biva.mx/empresas/emisoras_inscritas/emisoras_inscritas?page=17","GFMEGA","OPERADORA DE SERVICIOS MEGA, S.A. DE C.V., SOCIEDAD FINANCIERA DE OBJETO MÚLTIPLE, ENTIDAD REGULADA"
"1615211881-153","https://www.biva.mx/empresas/emisoras_inscritas/emisoras_inscritas?page=20","IENOVA","INFRAESTRUCTURA ENERGÉTICA NOVA, S.A.B. DE C.V."
"1615211870-102","https://www.biva.mx/empresas/emisoras_inscritas/emisoras_inscritas?page=25","NEMAK","NEMAK, S.A.B. DE C.V."
"1615211859-48","https://www.biva.mx/empresas/emisoras_inscritas/emisoras_inscritas?page=30","SIRENCK","CIBANCO, S.A., INSTITUCIÓN DE BANCA MÚLTIPLE"
"1615211899-230","https://www.biva.mx/empresas/emisoras_inscritas/emisoras_inscritas?page=12","FCFE","CIBANCO, S.A., INSTITUCIÓN DE BANCA MÚLTIPLE"
"1615211921-324","https://www.biva.mx/empresas/emisoras_inscritas/emisoras_inscritas?page=2","AEROMEX","GRUPO AEROMÉXICO, S.A.B. DE C.V."
"1615211919-317","https://www.biva.mx/empresas/emisoras_inscritas/emisoras_inscritas?page=3","AMX","AMERICA MOVIL, S.A.B. DE C.V."
"1615211875-116","https://www.biva.mx/empresas/emisoras_inscritas/emisoras_inscritas?page=23","LATINCK","BANCO NACIONAL DE MÉXICO, S.A., INTEGRANTE DEL GRUPO FINANCIERO BANAMEX"
"1615211901-243","https://www.biva.mx/empresas/emisoras_inscritas/emisoras_inscritas?page=11","ESGMEX","BANCO NACIONAL DE MÉXICO, S.A., INTEGRANTE DEL GRUPO FINANCIERO BANAMEX"
"1615211863-73","https://www.biva.mx/empresas/emisoras_inscritas/emisoras_inscritas?page=28","RCENTRO","GRUPO RADIO CENTRO, S.A.B. DE C.V."
"1615211915-299","https://www.biva.mx/empresas/emisoras_inscritas/emisoras_inscritas?page=5","BALAMCK","BANCO NACIONAL DE MÉXICO, S.A., INTEGRANTE DEL GRUPO FINANCIERO BANAMEX"
"1615211908-269","https://www.biva.mx/empresas/emisoras_inscritas/emisoras_inscritas?page=8","CIE","CORPORACION INTERAMERICANA DE ENTRETENIMIENTO, S.A.B. DE C.V."
"1615211921-332","https://www.biva.mx/empresas/emisoras_inscritas/emisoras_inscritas?page=2","ALLVPCK","CIBANCO, S.A., INSTITUCIÓN DE BANCA MÚLTIPLE"
"1615211879-137","https://www.biva.mx/empresas/emisoras_inscritas/emisoras_inscritas?page=21","ILCTRAC","BANCO NACIONAL DE MÉXICO, S.A., INTEGRANTE DEL GRUPO FINANCIERO BANAMEX"
"1615211910-275","https://www.biva.mx/empresas/emisoras_inscritas/emisoras_inscritas?page=7","BOLSA","BOLSA MEXICANA DE VALORES, S.A.B. DE C.V."
"1615211912-293","https://www.biva.mx/empresas/emisoras_inscritas/emisoras_inscritas?page=6","BMONEX.","BANCO MONEX, S.A. INSTITUCIÓN DE BANCA MÚLTIPLE, MONEX GRUPO FINANCIERO"
"1615211906-255","https://www.biva.mx/empresas/emisoras_inscritas/emisoras_inscritas?page=9","COMPART","BANCO COMPARTAMOS, S.A., INSTITUCIÓN DE BANCA MÚLTIPLE"
"1615211906-258","https://www.biva.mx/empresas/emisoras_inscritas/emisoras_inscritas?page=9","COXA","Cox Energy América, S.A.B. de C.V."
"1615211895-213","https://www.biva.mx/empresas/emisoras_inscritas/emisoras_inscritas?page=14","FINSACK","BANCO INVEX, S.A., INSTITUCION DE BANCA MULTIPLE, INVEX GRUPO FINANCIERO"
"1615211875-122","https://www.biva.mx/empresas/emisoras_inscritas/emisoras_inscritas?page=23","M5TRAC","BANCO NACIONAL DE MÉXICO, S.A., INTEGRANTE DEL GRUPO FINANCIERO BANAMEX"
"1615211868-89","https://www.biva.mx/empresas/emisoras_inscritas/emisoras_inscritas?page=26","ODOCK","CIBANCO, S.A., INSTITUCIÓN DE BANCA MÚLTIPLE"
"1615211875-117","https://www.biva.mx/empresas/emisoras_inscritas/emisoras_inscritas?page=23","LEX3PI","CIBANCO, S.A., INSTITUCIÓN DE BANCA MÚLTIPLE"
"1615211861-56","https://www.biva.mx/empresas/emisoras_inscritas/emisoras_inscritas?page=29","RLH","RLH PROPERTIES, S.A.B. DE C.V."
"1615211892-201","https://www.biva.mx/empresas/emisoras_inscritas/emisoras_inscritas?page=15","FPLUS","BANCO AZTECA S.A. INSTITUCIÓN DE BANCA MÚLTIPLE"
"1615211917-305","https://www.biva.mx/empresas/emisoras_inscritas/emisoras_inscritas?page=4","ARTH4CK","CIBANCO, S.A., INSTITUCIÓN DE BANCA MÚLTIPLE"
"1615211877-124","https://www.biva.mx/empresas/emisoras_inscritas/emisoras_inscritas?page=22","IVVPESO","BANCO NACIONAL DE MÉXICO, S.A., INTEGRANTE DEL GRUPO FINANCIERO BANAMEX"
"1615211892-195","https://www.biva.mx/empresas/emisoras_inscritas/emisoras_inscritas?page=15","FMTY","BANCO INVEX, S.A., INSTITUCION DE BANCA MULTIPLE, INVEX GRUPO FINANCIERO"
"1615211895-204","https://www.biva.mx/empresas/emisoras_inscritas/emisoras_inscritas?page=14","FIBRATC","NACIONAL FINANCIERA, S.N.C., INSTITUCIÓN DE BANCA DE DESARROLLO"
"1615211919-316","https://www.biva.mx/empresas/emisoras_inscritas/emisoras_inscritas?page=3","AMICK","BANCO INVEX, S.A., INSTITUCION DE BANCA MULTIPLE, INVEX GRUPO FINANCIERO"
"1615211877-129","https://www.biva.mx/empresas/emisoras_inscritas/emisoras_inscritas?page=22","KOF","COCA-COLA FEMSA, S.A.B. DE C.V."
"1615211901-238","https://www.biva.mx/empresas/emisoras_inscritas/emisoras_inscritas?page=11","DLRTRAC","ACTINVER CASA DE BOLSA, S.A. DE C.V. , GRUPO FINANCIERO ACTINVER"
"1615211861-63","https://www.biva.mx/empresas/emisoras_inscritas/emisoras_inscritas?page=29","SAVIA","SAVIA, S.A. DE C.V."
"1615211890-185","https://www.biva.mx/empresas/emisoras_inscritas/emisoras_inscritas?page=16","FSITES","BANCO ACTINVER, S.A. INSTITUCIÓN DE BANCA MÚLTIPLE, GRUPO FINANCIERO ACTINVER"
"1615211884-161","https://www.biva.mx/empresas/emisoras_inscritas/emisoras_inscritas?page=19","HERDEZ","GRUPO HERDEZ, S.A.B. DE C.V."
"1615211850-13","https://www.biva.mx/empresas/emisoras_inscritas/emisoras_inscritas?page=34","WSMXCK","DEUTSCHE BANK MÉXICO, S.A. INSTITUCIÓN DE BANCA MÚLTIPLE"
"1615211924-339","https://www.biva.mx/empresas/emisoras_inscritas/emisoras_inscritas?page=1","ACONCK","BANCO NACIONAL DE MÉXICO, S.A., INTEGRANTE DEL GRUPO FINANCIERO BANAMEX"
"1615211870-98","https://www.biva.mx/empresas/emisoras_inscritas/emisoras_inscritas?page=25","MOTAPI","CIBANCO, S.A., INSTITUCIÓN DE BANCA MÚLTIPLE"
"1615211904-250","https://www.biva.mx/empresas/emisoras_inscritas/emisoras_inscritas?page=10","DAIVCK","BANCO INVEX, S.A., INSTITUCION DE BANCA MULTIPLE, INVEX GRUPO FINANCIERO"
"1615211908-266","https://www.biva.mx/empresas/emisoras_inscritas/emisoras_inscritas?page=8","CHDRAUI","GRUPO COMERCIAL CHEDRAUI, S.A.B. DE C.V."
"1615211888-177","https://www.biva.mx/empresas/emisoras_inscritas/emisoras_inscritas?page=17","GDISPI","CIBANCO, S.A., INSTITUCIÓN DE BANCA MÚLTIPLE"
"1615211912-290","https://www.biva.mx/empresas/emisoras_inscritas/emisoras_inscritas?page=6","BLKAGPI","CIBANCO, S.A., INSTITUCIÓN DE BANCA MÚLTIPLE"
"1615211879-136","https://www.biva.mx/empresas/emisoras_inscritas/emisoras_inscritas?page=21","IGSCK","HSBC MEXICO, S.A., INSTITUCIÓN DE BANCA MÚLTIPLE, GRUPO FINANCIERO HSBC"
"1615211908-265","https://www.biva.mx/empresas/emisoras_inscritas/emisoras_inscritas?page=8","CETETRC","BANCO NACIONAL DE MÉXICO, S.A., INTEGRANTE DEL GRUPO FINANCIERO BANAMEX"
"1615211895-210","https://www.biva.mx/empresas/emisoras_inscritas/emisoras_inscritas?page=14","FINAMEX","CASA DE BOLSA FINAMEX, S.A.B. DE C.V."
"1615211866-77","https://www.biva.mx/empresas/emisoras_inscritas/emisoras_inscritas?page=27","PINFRA","PROMOTORA Y OPERADORA DE INFRAESTRUCTURA, S.A.B. DE C.V."
"1615211919-314","https://www.biva.mx/empresas/emisoras_inscritas/emisoras_inscritas?page=3","ALSEA","ALSEA, S.A.B. DE C.V."
"1615211904-251","https://www.biva.mx/empresas/emisoras_inscritas/emisoras_inscritas?page=10","DALUSCK","BANCO INVEX, S.A., INSTITUCION DE BANCA MULTIPLE, INVEX GRUPO FINANCIERO"
"1615211852-16","https://www.biva.mx/empresas/emisoras_inscritas/emisoras_inscritas?page=33","VINTE","VINTE VIVIENDAS INTEGRALES, S.A.B. DE C.V."
"1615211908-270","https://www.biva.mx/empresas/emisoras_inscritas/emisoras_inscritas?page=8","CITI","CITIBANAMEX CASA DE BOLSA, S.A. DE C.V. CASA DE BOLSA, INTEGRANTE DEL GRUPO FINANCIERO CITIBANAMEX"
"1615211906-257","https://www.biva.mx/empresas/emisoras_inscritas/emisoras_inscritas?page=9","CORPTRC","BANCO NACIONAL DE MÉXICO, S.A., INTEGRANTE DEL GRUPO FINANCIERO BANAMEX"
"1615211910-278","https://www.biva.mx/empresas/emisoras_inscritas/emisoras_inscritas?page=7","BXMXPI","CIBANCO, S.A., INSTITUCIÓN DE BANCA MÚLTIPLE"
"1615211890-192","https://www.biva.mx/empresas/emisoras_inscritas/emisoras_inscritas?page=16","GBM","CORPORATIVO GBM, S.A.B. DE C. V."
"1615211901-236","https://www.biva.mx/empresas/emisoras_inscritas/emisoras_inscritas?page=11","DIABLOI","ACTINVER CASA DE BOLSA, S.A. DE C.V. , GRUPO FINANCIERO ACTINVER"
"1615211857-43","https://www.biva.mx/empresas/emisoras_inscritas/emisoras_inscritas?page=31","TPLAY","TOTAL PLAY TELECOMUNICACIONES S.A. DE C.V."
"1615211863-69","https://www.biva.mx/empresas/emisoras_inscritas/emisoras_inscritas?page=28","QBINDUS","Q.B. INDUSTRIAS, S.A. DE C.V."
