web-scraper-order,web-scraper-start-url,Date,Open,Close
1620615670-23602,https://finance.yahoo.com/quote/AAPL/history?period1=345427200&period2=1620518400&interval=1mo&filter=history&frequency=1mo&includeAdjustedClose=true,"Apr 01, 1985",0.1,0.09
1620615670-23590,https://finance.yahoo.com/quote/AAPL/history?period1=345427200&period2=1620518400&interval=1mo&filter=history&frequency=1mo&includeAdjustedClose=true,"Apr 01, 1986",0.13,0.14
1620615670-23578,https://finance.yahoo.com/quote/AAPL/history?period1=345427200&period2=1620518400&interval=1mo&filter=history&frequency=1mo&includeAdjustedClose=true,"Apr 01, 1987",0.28,0.35
1620615670-23561,https://finance.yahoo.com/quote/AAPL/history?period1=345427200&period2=1620518400&interval=1mo&filter=history&frequency=1mo&includeAdjustedClose=true,"Apr 01, 1988",0.35,0.37
1620615670-23545,https://finance.yahoo.com/quote/AAPL/history?period1=345427200&period2=1620518400&interval=1mo&filter=history&frequency=1mo&includeAdjustedClose=true,"Apr 01, 1989",0.32,0.35
1620615670-23529,https://finance.yahoo.com/quote/AAPL/history?period1=345427200&period2=1620518400&interval=1mo&filter=history&frequency=1mo&includeAdjustedClose=true,"Apr 01, 1990",0.36,0.35
1620615670-23513,https://finance.yahoo.com/quote/AAPL/history?period1=345427200&period2=1620518400&interval=1mo&filter=history&frequency=1mo&includeAdjustedClose=true,"Apr 01, 1991",0.61,0.49
1620615670-23497,https://finance.yahoo.com/quote/AAPL/history?period1=345427200&period2=1620518400&interval=1mo&filter=history&frequency=1mo&includeAdjustedClose=true,"Apr 01, 1992",0.51,0.54
1620615670-23481,https://finance.yahoo.com/quote/AAPL/history?period1=345427200&period2=1620518400&interval=1mo&filter=history&frequency=1mo&includeAdjustedClose=true,"Apr 01, 1993",0.46,0.46
1620615670-23465,https://finance.yahoo.com/quote/AAPL/history?period1=345427200&period2=1620518400&interval=1mo&filter=history&frequency=1mo&includeAdjustedClose=true,"Apr 01, 1994",0.29,0.27
1620615670-23449,https://finance.yahoo.com/quote/AAPL/history?period1=345427200&period2=1620518400&interval=1mo&filter=history&frequency=1mo&includeAdjustedClose=true,"Apr 01, 1995",0.32,0.34
1620615670-23434,https://finance.yahoo.com/quote/AAPL/history?period1=345427200&period2=1620518400&interval=1mo&filter=history&frequency=1mo&includeAdjustedClose=true,"Apr 01, 1996",0.22,0.22
1620615670-23422,https://finance.yahoo.com/quote/AAPL/history?period1=345427200&period2=1620518400&interval=1mo&filter=history&frequency=1mo&includeAdjustedClose=true,"Apr 01, 1997",0.16,0.15
1620615670-23410,https://finance.yahoo.com/quote/AAPL/history?period1=345427200&period2=1620518400&interval=1mo&filter=history&frequency=1mo&includeAdjustedClose=true,"Apr 01, 1998",0.24,0.24
1620615670-23398,https://finance.yahoo.com/quote/AAPL/history?period1=345427200&period2=1620518400&interval=1mo&filter=history&frequency=1mo&includeAdjustedClose=true,"Apr 01, 1999",0.32,0.41
1620615670-23386,https://finance.yahoo.com/quote/AAPL/history?period1=345427200&period2=1620518400&interval=1mo&filter=history&frequency=1mo&includeAdjustedClose=true,"Apr 01, 2000",1.21,1.11
1620615670-23373,https://finance.yahoo.com/quote/AAPL/history?period1=345427200&period2=1620518400&interval=1mo&filter=history&frequency=1mo&includeAdjustedClose=true,"Apr 01, 2001",0.39,0.46
1620615670-23361,https://finance.yahoo.com/quote/AAPL/history?period1=345427200&period2=1620518400&interval=1mo&filter=history&frequency=1mo&includeAdjustedClose=true,"Apr 01, 2002",0.42,0.43
1620615670-23349,https://finance.yahoo.com/quote/AAPL/history?period1=345427200&period2=1620518400&interval=1mo&filter=history&frequency=1mo&includeAdjustedClose=true,"Apr 01, 2003",0.25,0.25
1620615670-23337,https://finance.yahoo.com/quote/AAPL/history?period1=345427200&period2=1620518400&interval=1mo&filter=history&frequency=1mo&includeAdjustedClose=true,"Apr 01, 2004",0.48,0.46
1620615670-23324,https://finance.yahoo.com/quote/AAPL/history?period1=345427200&period2=1620518400&interval=1mo&filter=history&frequency=1mo&includeAdjustedClose=true,"Apr 01, 2005",1.5,1.29
1620615670-23312,https://finance.yahoo.com/quote/AAPL/history?period1=345427200&period2=1620518400&interval=1mo&filter=history&frequency=1mo&includeAdjustedClose=true,"Apr 01, 2006",2.27,2.51
1620615670-23300,https://finance.yahoo.com/quote/AAPL/history?period1=345427200&period2=1620518400&interval=1mo&filter=history&frequency=1mo&includeAdjustedClose=true,"Apr 01, 2007",3.36,3.56
1620615670-23288,https://finance.yahoo.com/quote/AAPL/history?period1=345427200&period2=1620518400&interval=1mo&filter=history&frequency=1mo&includeAdjustedClose=true,"Apr 01, 2008",5.22,6.21
1620615670-23276,https://finance.yahoo.com/quote/AAPL/history?period1=345427200&period2=1620518400&interval=1mo&filter=history&frequency=1mo&includeAdjustedClose=true,"Apr 01, 2009",3.72,4.49
1620615670-23264,https://finance.yahoo.com/quote/AAPL/history?period1=345427200&period2=1620518400&interval=1mo&filter=history&frequency=1mo&includeAdjustedClose=true,"Apr 01, 2010",8.48,9.32
1620615670-23252,https://finance.yahoo.com/quote/AAPL/history?period1=345427200&period2=1620518400&interval=1mo&filter=history&frequency=1mo&includeAdjustedClose=true,"Apr 01, 2011",12.54,12.5
1620615670-23240,https://finance.yahoo.com/quote/AAPL/history?period1=345427200&period2=1620518400&interval=1mo&filter=history&frequency=1mo&includeAdjustedClose=true,"Apr 01, 2012",21.49,20.86
1620615670-23225,https://finance.yahoo.com/quote/AAPL/history?period1=345427200&period2=1620518400&interval=1mo&filter=history&frequency=1mo&includeAdjustedClose=true,"Apr 01, 2013",15.78,15.81
1620615670-23209,https://finance.yahoo.com/quote/AAPL/history?period1=345427200&period2=1620518400&interval=1mo&filter=history&frequency=1mo&includeAdjustedClose=true,"Apr 01, 2014",19.21,21.07
1620615670-23192,https://finance.yahoo.com/quote/AAPL/history?period1=345427200&period2=1620518400&interval=1mo&filter=history&frequency=1mo&includeAdjustedClose=true,"Apr 01, 2015",31.2,31.29
1620615670-23176,https://finance.yahoo.com/quote/AAPL/history?period1=345427200&period2=1620518400&interval=1mo&filter=history&frequency=1mo&includeAdjustedClose=true,"Apr 01, 2016",27.19,23.43
1620615670-23160,https://finance.yahoo.com/quote/AAPL/history?period1=345427200&period2=1620518400&interval=1mo&filter=history&frequency=1mo&includeAdjustedClose=true,"Apr 01, 2017",35.93,35.91
1620615670-23144,https://finance.yahoo.com/quote/AAPL/history?period1=345427200&period2=1620518400&interval=1mo&filter=history&frequency=1mo&includeAdjustedClose=true,"Apr 01, 2018",41.66,41.31
1620615670-23128,https://finance.yahoo.com/quote/AAPL/history?period1=345427200&period2=1620518400&interval=1mo&filter=history&frequency=1mo&includeAdjustedClose=true,"Apr 01, 2019",47.91,50.17
1620615670-23112,https://finance.yahoo.com/quote/AAPL/history?period1=345427200&period2=1620518400&interval=1mo&filter=history&frequency=1mo&includeAdjustedClose=true,"Apr 01, 2020",61.63,73.45
1620615670-23095,https://finance.yahoo.com/quote/AAPL/history?period1=345427200&period2=1620518400&interval=1mo&filter=history&frequency=1mo&includeAdjustedClose=true,"Apr 01, 2021",123.66,131.46
1620615670-23598,https://finance.yahoo.com/quote/AAPL/history?period1=345427200&period2=1620518400&interval=1mo&filter=history&frequency=1mo&includeAdjustedClose=true,"Aug 01, 1985",0.07,0.07
1620615670-23586,https://finance.yahoo.com/quote/AAPL/history?period1=345427200&period2=1620518400&interval=1mo&filter=history&frequency=1mo&includeAdjustedClose=true,"Aug 01, 1986",0.14,0.17
1620615670-23572,https://finance.yahoo.com/quote/AAPL/history?period1=345427200&period2=1620518400&interval=1mo&filter=history&frequency=1mo&includeAdjustedClose=true,"Aug 01, 1987",0.37,0.48
1620615670-23556,https://finance.yahoo.com/quote/AAPL/history?period1=345427200&period2=1620518400&interval=1mo&filter=history&frequency=1mo&includeAdjustedClose=true,"Aug 01, 1988",0.4,0.36
1620615670-23540,https://finance.yahoo.com/quote/AAPL/history?period1=345427200&period2=1620518400&interval=1mo&filter=history&frequency=1mo&includeAdjustedClose=true,"Aug 01, 1989",0.35,0.4
1620615670-23524,https://finance.yahoo.com/quote/AAPL/history?period1=345427200&period2=1620518400&interval=1mo&filter=history&frequency=1mo&includeAdjustedClose=true,"Aug 01, 1990",0.38,0.33
1620615670-23508,https://finance.yahoo.com/quote/AAPL/history?period1=345427200&period2=1620518400&interval=1mo&filter=history&frequency=1mo&includeAdjustedClose=true,"Aug 01, 1991",0.41,0.47
1620615670-23492,https://finance.yahoo.com/quote/AAPL/history?period1=345427200&period2=1620518400&interval=1mo&filter=history&frequency=1mo&includeAdjustedClose=true,"Aug 01, 1992",0.42,0.41
1620615670-23476,https://finance.yahoo.com/quote/AAPL/history?period1=345427200&period2=1620518400&interval=1mo&filter=history&frequency=1mo&includeAdjustedClose=true,"Aug 01, 1993",0.25,0.24
1620615670-23460,https://finance.yahoo.com/quote/AAPL/history?period1=345427200&period2=1620518400&interval=1mo&filter=history&frequency=1mo&includeAdjustedClose=true,"Aug 01, 1994",0.3,0.32
1620615670-23444,https://finance.yahoo.com/quote/AAPL/history?period1=345427200&period2=1620518400&interval=1mo&filter=history&frequency=1mo&includeAdjustedClose=true,"Aug 01, 1995",0.4,0.38
1620615670-23430,https://finance.yahoo.com/quote/AAPL/history?period1=345427200&period2=1620518400&interval=1mo&filter=history&frequency=1mo&includeAdjustedClose=true,"Aug 01, 1996",0.2,0.22
1620615670-23418,https://finance.yahoo.com/quote/AAPL/history?period1=345427200&period2=1620518400&interval=1mo&filter=history&frequency=1mo&includeAdjustedClose=true,"Aug 01, 1997",0.16,0.19
1620615670-23406,https://finance.yahoo.com/quote/AAPL/history?period1=345427200&period2=1620518400&interval=1mo&filter=history&frequency=1mo&includeAdjustedClose=true,"Aug 01, 1998",0.31,0.28
1620615670-23394,https://finance.yahoo.com/quote/AAPL/history?period1=345427200&period2=1620518400&interval=1mo&filter=history&frequency=1mo&includeAdjustedClose=true,"Aug 01, 1999",0.5,0.58
1620615670-23381,https://finance.yahoo.com/quote/AAPL/history?period1=345427200&period2=1620518400&interval=1mo&filter=history&frequency=1mo&includeAdjustedClose=true,"Aug 01, 2000",0.9,1.09
1620615670-23369,https://finance.yahoo.com/quote/AAPL/history?period1=345427200&period2=1620518400&interval=1mo&filter=history&frequency=1mo&includeAdjustedClose=true,"Aug 01, 2001",0.34,0.33
1620615670-23357,https://finance.yahoo.com/quote/AAPL/history?period1=345427200&period2=1620518400&interval=1mo&filter=history&frequency=1mo&includeAdjustedClose=true,"Aug 01, 2002",0.27,0.26
1620615670-23345,https://finance.yahoo.com/quote/AAPL/history?period1=345427200&period2=1620518400&interval=1mo&filter=history&frequency=1mo&includeAdjustedClose=true,"Aug 01, 2003",0.38,0.4
1620615670-23333,https://finance.yahoo.com/quote/AAPL/history?period1=345427200&period2=1620518400&interval=1mo&filter=history&frequency=1mo&includeAdjustedClose=true,"Aug 01, 2004",0.56,0.62
1620615670-23320,https://finance.yahoo.com/quote/AAPL/history?period1=345427200&period2=1620518400&interval=1mo&filter=history&frequency=1mo&includeAdjustedClose=true,"Aug 01, 2005",1.52,1.67
1620615670-23308,https://finance.yahoo.com/quote/AAPL/history?period1=345427200&period2=1620518400&interval=1mo&filter=history&frequency=1mo&includeAdjustedClose=true,"Aug 01, 2006",2.4,2.42
1620615670-23296,https://finance.yahoo.com/quote/AAPL/history?period1=345427200&period2=1620518400&interval=1mo&filter=history&frequency=1mo&includeAdjustedClose=true,"Aug 01, 2007",4.77,4.95
1620615670-23284,https://finance.yahoo.com/quote/AAPL/history?period1=345427200&period2=1620518400&interval=1mo&filter=history&frequency=1mo&includeAdjustedClose=true,"Aug 01, 2008",5.71,6.05
1620615670-23272,https://finance.yahoo.com/quote/AAPL/history?period1=345427200&period2=1620518400&interval=1mo&filter=history&frequency=1mo&includeAdjustedClose=true,"Aug 01, 2009",5.9,6.01
1620615670-23260,https://finance.yahoo.com/quote/AAPL/history?period1=345427200&period2=1620518400&interval=1mo&filter=history&frequency=1mo&includeAdjustedClose=true,"Aug 01, 2010",9.3,8.68
1620615670-23248,https://finance.yahoo.com/quote/AAPL/history?period1=345427200&period2=1620518400&interval=1mo&filter=history&frequency=1mo&includeAdjustedClose=true,"Aug 01, 2011",14.21,13.74
1620615670-23236,https://finance.yahoo.com/quote/AAPL/history?period1=345427200&period2=1620518400&interval=1mo&filter=history&frequency=1mo&includeAdjustedClose=true,"Aug 01, 2012",22,23.76
1620615670-23220,https://finance.yahoo.com/quote/AAPL/history?period1=345427200&period2=1620518400&interval=1mo&filter=history&frequency=1mo&includeAdjustedClose=true,"Aug 01, 2013",16.28,17.4
1620615670-23203,https://finance.yahoo.com/quote/AAPL/history?period1=345427200&period2=1620518400&interval=1mo&filter=history&frequency=1mo&includeAdjustedClose=true,"Aug 01, 2014",23.73,25.63
1620615670-23187,https://finance.yahoo.com/quote/AAPL/history?period1=345427200&period2=1620518400&interval=1mo&filter=history&frequency=1mo&includeAdjustedClose=true,"Aug 01, 2015",30.38,28.19
1620615670-23171,https://finance.yahoo.com/quote/AAPL/history?period1=345427200&period2=1620518400&interval=1mo&filter=history&frequency=1mo&includeAdjustedClose=true,"Aug 01, 2016",26.1,26.52
1620615670-23155,https://finance.yahoo.com/quote/AAPL/history?period1=345427200&period2=1620518400&interval=1mo&filter=history&frequency=1mo&includeAdjustedClose=true,"Aug 01, 2017",37.28,41
1620615670-23139,https://finance.yahoo.com/quote/AAPL/history?period1=345427200&period2=1620518400&interval=1mo&filter=history&frequency=1mo&includeAdjustedClose=true,"Aug 01, 2018",49.78,56.91
1620615670-23123,https://finance.yahoo.com/quote/AAPL/history?period1=345427200&period2=1620518400&interval=1mo&filter=history&frequency=1mo&includeAdjustedClose=true,"Aug 01, 2019",53.47,52.19
1620615670-23107,https://finance.yahoo.com/quote/AAPL/history?period1=345427200&period2=1620518400&interval=1mo&filter=history&frequency=1mo&includeAdjustedClose=true,"Aug 01, 2020",108.2,129.04
1620615670-23594,https://finance.yahoo.com/quote/AAPL/history?period1=345427200&period2=1620518400&interval=1mo&filter=history&frequency=1mo&includeAdjustedClose=true,"Dec 01, 1985",0.09,0.1
1620615670-23582,https://finance.yahoo.com/quote/AAPL/history?period1=345427200&period2=1620518400&interval=1mo&filter=history&frequency=1mo&includeAdjustedClose=true,"Dec 01, 1986",0.18,0.18
1620615670-23566,https://finance.yahoo.com/quote/AAPL/history?period1=345427200&period2=1620518400&interval=1mo&filter=history&frequency=1mo&includeAdjustedClose=true,"Dec 01, 1987",0.3,0.38
1620615670-23550,https://finance.yahoo.com/quote/AAPL/history?period1=345427200&period2=1620518400&interval=1mo&filter=history&frequency=1mo&includeAdjustedClose=true,"Dec 01, 1988",0.34,0.36
1620615670-23534,https://finance.yahoo.com/quote/AAPL/history?period1=345427200&period2=1620518400&interval=1mo&filter=history&frequency=1mo&includeAdjustedClose=true,"Dec 01, 1989",0.4,0.31
1620615670-23518,https://finance.yahoo.com/quote/AAPL/history?period1=345427200&period2=1620518400&interval=1mo&filter=history&frequency=1mo&includeAdjustedClose=true,"Dec 01, 1990",0.33,0.38
1620615670-23502,https://finance.yahoo.com/quote/AAPL/history?period1=345427200&period2=1620518400&interval=1mo&filter=history&frequency=1mo&includeAdjustedClose=true,"Dec 01, 1991",0.45,0.5
1620615670-23486,https://finance.yahoo.com/quote/AAPL/history?period1=345427200&period2=1620518400&interval=1mo&filter=history&frequency=1mo&includeAdjustedClose=true,"Dec 01, 1992",0.51,0.53
1620615670-23470,https://finance.yahoo.com/quote/AAPL/history?period1=345427200&period2=1620518400&interval=1mo&filter=history&frequency=1mo&includeAdjustedClose=true,"Dec 01, 1993",0.29,0.26
1620615670-23454,https://finance.yahoo.com/quote/AAPL/history?period1=345427200&period2=1620518400&interval=1mo&filter=history&frequency=1mo&includeAdjustedClose=true,"Dec 01, 1994",0.33,0.35
1620615670-23438,https://finance.yahoo.com/quote/AAPL/history?period1=345427200&period2=1620518400&interval=1mo&filter=history&frequency=1mo&includeAdjustedClose=true,"Dec 01, 1995",0.34,0.28
1620615670-23426,https://finance.yahoo.com/quote/AAPL/history?period1=345427200&period2=1620518400&interval=1mo&filter=history&frequency=1mo&includeAdjustedClose=true,"Dec 01, 1996",0.22,0.19
1620615670-23414,https://finance.yahoo.com/quote/AAPL/history?period1=345427200&period2=1620518400&interval=1mo&filter=history&frequency=1mo&includeAdjustedClose=true,"Dec 01, 1997",0.16,0.12
1620615670-23402,https://finance.yahoo.com/quote/AAPL/history?period1=345427200&period2=1620518400&interval=1mo&filter=history&frequency=1mo&includeAdjustedClose=true,"Dec 01, 1998",0.29,0.37
1620615670-23390,https://finance.yahoo.com/quote/AAPL/history?period1=345427200&period2=1620518400&interval=1mo&filter=history&frequency=1mo&includeAdjustedClose=true,"Dec 01, 1999",0.9,0.92
1620615670-23377,https://finance.yahoo.com/quote/AAPL/history?period1=345427200&period2=1620518400&interval=1mo&filter=history&frequency=1mo&includeAdjustedClose=true,"Dec 01, 2000",0.3,0.27
1620615670-23365,https://finance.yahoo.com/quote/AAPL/history?period1=345427200&period2=1620518400&interval=1mo&filter=history&frequency=1mo&includeAdjustedClose=true,"Dec 01, 2001",0.38,0.39
1620615670-23353,https://finance.yahoo.com/quote/AAPL/history?period1=345427200&period2=1620518400&interval=1mo&filter=history&frequency=1mo&includeAdjustedClose=true,"Dec 01, 2002",0.28,0.26
1620615670-23341,https://finance.yahoo.com/quote/AAPL/history?period1=345427200&period2=1620518400&interval=1mo&filter=history&frequency=1mo&includeAdjustedClose=true,"Dec 01, 2003",0.38,0.38
1620615670-23329,https://finance.yahoo.com/quote/AAPL/history?period1=345427200&period2=1620518400&interval=1mo&filter=history&frequency=1mo&includeAdjustedClose=true,"Dec 01, 2004",1.21,1.15
1620615670-23316,https://finance.yahoo.com/quote/AAPL/history?period1=345427200&period2=1620518400&interval=1mo&filter=history&frequency=1mo&includeAdjustedClose=true,"Dec 01, 2005",2.46,2.57
1620615670-23304,https://finance.yahoo.com/quote/AAPL/history?period1=345427200&period2=1620518400&interval=1mo&filter=history&frequency=1mo&includeAdjustedClose=true,"Dec 01, 2006",3.28,3.03
1620615670-23292,https://finance.yahoo.com/quote/AAPL/history?period1=345427200&period2=1620518400&interval=1mo&filter=history&frequency=1mo&includeAdjustedClose=true,"Dec 01, 2007",6.49,7.07
1620615670-23280,https://finance.yahoo.com/quote/AAPL/history?period1=345427200&period2=1620518400&interval=1mo&filter=history&frequency=1mo&includeAdjustedClose=true,"Dec 01, 2008",3.26,3.05
1620615670-23268,https://finance.yahoo.com/quote/AAPL/history?period1=345427200&period2=1620518400&interval=1mo&filter=history&frequency=1mo&includeAdjustedClose=true,"Dec 01, 2009",7.22,7.53
1620615670-23256,https://finance.yahoo.com/quote/AAPL/history?period1=345427200&period2=1620518400&interval=1mo&filter=history&frequency=1mo&includeAdjustedClose=true,"Dec 01, 2010",11.26,11.52
1620615670-23244,https://finance.yahoo.com/quote/AAPL/history?period1=345427200&period2=1620518400&interval=1mo&filter=history&frequency=1mo&includeAdjustedClose=true,"Dec 01, 2011",13.66,14.46
1620615670-23230,https://finance.yahoo.com/quote/AAPL/history?period1=345427200&period2=1620518400&interval=1mo&filter=history&frequency=1mo&includeAdjustedClose=true,"Dec 01, 2012",21.2,19.01
1620615670-23214,https://finance.yahoo.com/quote/AAPL/history?period1=345427200&period2=1620518400&interval=1mo&filter=history&frequency=1mo&includeAdjustedClose=true,"Dec 01, 2013",19.93,20.04
1620615670-23197,https://finance.yahoo.com/quote/AAPL/history?period1=345427200&period2=1620518400&interval=1mo&filter=history&frequency=1mo&includeAdjustedClose=true,"Dec 01, 2014",29.7,27.59
1620615670-23181,https://finance.yahoo.com/quote/AAPL/history?period1=345427200&period2=1620518400&interval=1mo&filter=history&frequency=1mo&includeAdjustedClose=true,"Dec 01, 2015",29.69,26.32
1620615670-23165,https://finance.yahoo.com/quote/AAPL/history?period1=345427200&period2=1620518400&interval=1mo&filter=history&frequency=1mo&includeAdjustedClose=true,"Dec 01, 2016",27.59,28.95
1620615670-23149,https://finance.yahoo.com/quote/AAPL/history?period1=345427200&period2=1620518400&interval=1mo&filter=history&frequency=1mo&includeAdjustedClose=true,"Dec 01, 2017",42.49,42.31
1620615670-23133,https://finance.yahoo.com/quote/AAPL/history?period1=345427200&period2=1620518400&interval=1mo&filter=history&frequency=1mo&includeAdjustedClose=true,"Dec 01, 2018",46.12,39.44
1620615670-23117,https://finance.yahoo.com/quote/AAPL/history?period1=345427200&period2=1620518400&interval=1mo&filter=history&frequency=1mo&includeAdjustedClose=true,"Dec 01, 2019",66.82,73.41
1620615670-23100,https://finance.yahoo.com/quote/AAPL/history?period1=345427200&period2=1620518400&interval=1mo&filter=history&frequency=1mo&includeAdjustedClose=true,"Dec 01, 2020",121.01,132.69
1620615670-23604,https://finance.yahoo.com/quote/AAPL/history?period1=345427200&period2=1620518400&interval=1mo&filter=history&frequency=1mo&includeAdjustedClose=true,"Feb 01, 1985",0.13,0.11
1620615670-23592,https://finance.yahoo.com/quote/AAPL/history?period1=345427200&period2=1620518400&interval=1mo&filter=history&frequency=1mo&includeAdjustedClose=true,"Feb 01, 1986",0.1,0.11
1620615670-23580,https://finance.yahoo.com/quote/AAPL/history?period1=345427200&period2=1620518400&interval=1mo&filter=history&frequency=1mo&includeAdjustedClose=true,"Feb 01, 1987",0.25,0.31
1620615670-23564,https://finance.yahoo.com/quote/AAPL/history?period1=345427200&period2=1620518400&interval=1mo&filter=history&frequency=1mo&includeAdjustedClose=true,"Feb 01, 1988",0.37,0.38
1620615670-23548,https://finance.yahoo.com/quote/AAPL/history?period1=345427200&period2=1620518400&interval=1mo&filter=history&frequency=1mo&includeAdjustedClose=true,"Feb 01, 1989",0.34,0.32
1620615670-23532,https://finance.yahoo.com/quote/AAPL/history?period1=345427200&period2=1620518400&interval=1mo&filter=history&frequency=1mo&includeAdjustedClose=true,"Feb 01, 1990",0.31,0.3
1620615670-23516,https://finance.yahoo.com/quote/AAPL/history?period1=345427200&period2=1620518400&interval=1mo&filter=history&frequency=1mo&includeAdjustedClose=true,"Feb 01, 1991",0.5,0.51
1620615670-23500,https://finance.yahoo.com/quote/AAPL/history?period1=345427200&period2=1620518400&interval=1mo&filter=history&frequency=1mo&includeAdjustedClose=true,"Feb 01, 1992",0.58,0.6
1620615670-23484,https://finance.yahoo.com/quote/AAPL/history?period1=345427200&period2=1620518400&interval=1mo&filter=history&frequency=1mo&includeAdjustedClose=true,"Feb 01, 1993",0.53,0.47
1620615670-23468,https://finance.yahoo.com/quote/AAPL/history?period1=345427200&period2=1620518400&interval=1mo&filter=history&frequency=1mo&includeAdjustedClose=true,"Feb 01, 1994",0.29,0.33
1620615670-23452,https://finance.yahoo.com/quote/AAPL/history?period1=345427200&period2=1620518400&interval=1mo&filter=history&frequency=1mo&includeAdjustedClose=true,"Feb 01, 1995",0.36,0.35
1620615670-23436,https://finance.yahoo.com/quote/AAPL/history?period1=345427200&period2=1620518400&interval=1mo&filter=history&frequency=1mo&includeAdjustedClose=true,"Feb 01, 1996",0.25,0.25
1620615670-23424,https://finance.yahoo.com/quote/AAPL/history?period1=345427200&period2=1620518400&interval=1mo&filter=history&frequency=1mo&includeAdjustedClose=true,"Feb 01, 1997",0.15,0.15
1620615670-23412,https://finance.yahoo.com/quote/AAPL/history?period1=345427200&period2=1620518400&interval=1mo&filter=history&frequency=1mo&includeAdjustedClose=true,"Feb 01, 1998",0.17,0.21
1620615670-23400,https://finance.yahoo.com/quote/AAPL/history?period1=345427200&period2=1620518400&interval=1mo&filter=history&frequency=1mo&includeAdjustedClose=true,"Feb 01, 1999",0.37,0.31
1620615670-23388,https://finance.yahoo.com/quote/AAPL/history?period1=345427200&period2=1620518400&interval=1mo&filter=history&frequency=1mo&includeAdjustedClose=true,"Feb 01, 2000",0.93,1.02
1620615670-23375,https://finance.yahoo.com/quote/AAPL/history?period1=345427200&period2=1620518400&interval=1mo&filter=history&frequency=1mo&includeAdjustedClose=true,"Feb 01, 2001",0.37,0.33
1620615670-23363,https://finance.yahoo.com/quote/AAPL/history?period1=345427200&period2=1620518400&interval=1mo&filter=history&frequency=1mo&includeAdjustedClose=true,"Feb 01, 2002",0.43,0.39
1620615670-23351,https://finance.yahoo.com/quote/AAPL/history?period1=345427200&period2=1620518400&interval=1mo&filter=history&frequency=1mo&includeAdjustedClose=true,"Feb 01, 2003",0.26,0.27
1620615670-23339,https://finance.yahoo.com/quote/AAPL/history?period1=345427200&period2=1620518400&interval=1mo&filter=history&frequency=1mo&includeAdjustedClose=true,"Feb 01, 2004",0.4,0.43
1620615670-23327,https://finance.yahoo.com/quote/AAPL/history?period1=345427200&period2=1620518400&interval=1mo&filter=history&frequency=1mo&includeAdjustedClose=true,"Feb 01, 2005",1.38,1.6
1620615670-23314,https://finance.yahoo.com/quote/AAPL/history?period1=345427200&period2=1620518400&interval=1mo&filter=history&frequency=1mo&includeAdjustedClose=true,"Feb 01, 2006",2.68,2.45
1620615670-23302,https://finance.yahoo.com/quote/AAPL/history?period1=345427200&period2=1620518400&interval=1mo&filter=history&frequency=1mo&includeAdjustedClose=true,"Feb 01, 2007",3.08,3.02
1620615670-23290,https://finance.yahoo.com/quote/AAPL/history?period1=345427200&period2=1620518400&interval=1mo&filter=history&frequency=1mo&includeAdjustedClose=true,"Feb 01, 2008",4.87,4.47
1620615670-23278,https://finance.yahoo.com/quote/AAPL/history?period1=345427200&period2=1620518400&interval=1mo&filter=history&frequency=1mo&includeAdjustedClose=true,"Feb 01, 2009",3.18,3.19
1620615670-23266,https://finance.yahoo.com/quote/AAPL/history?period1=345427200&period2=1620518400&interval=1mo&filter=history&frequency=1mo&includeAdjustedClose=true,"Feb 01, 2010",6.87,7.31
1620615670-23254,https://finance.yahoo.com/quote/AAPL/history?period1=345427200&period2=1620518400&interval=1mo&filter=history&frequency=1mo&includeAdjustedClose=true,"Feb 01, 2011",12.19,12.61
1620615670-23242,https://finance.yahoo.com/quote/AAPL/history?period1=345427200&period2=1620518400&interval=1mo&filter=history&frequency=1mo&includeAdjustedClose=true,"Feb 01, 2012",16.37,19.37
1620615670-23228,https://finance.yahoo.com/quote/AAPL/history?period1=345427200&period2=1620518400&interval=1mo&filter=history&frequency=1mo&includeAdjustedClose=true,"Feb 01, 2013",16.4,15.76
1620615670-23212,https://finance.yahoo.com/quote/AAPL/history?period1=345427200&period2=1620518400&interval=1mo&filter=history&frequency=1mo&includeAdjustedClose=true,"Feb 01, 2014",17.95,18.79
1620615670-23195,https://finance.yahoo.com/quote/AAPL/history?period1=345427200&period2=1620518400&interval=1mo&filter=history&frequency=1mo&includeAdjustedClose=true,"Feb 01, 2015",29.51,32.12
1620615670-23179,https://finance.yahoo.com/quote/AAPL/history?period1=345427200&period2=1620518400&interval=1mo&filter=history&frequency=1mo&includeAdjustedClose=true,"Feb 01, 2016",24.12,24.17
1620615670-23163,https://finance.yahoo.com/quote/AAPL/history?period1=345427200&period2=1620518400&interval=1mo&filter=history&frequency=1mo&includeAdjustedClose=true,"Feb 01, 2017",31.76,34.25
1620615670-23147,https://finance.yahoo.com/quote/AAPL/history?period1=345427200&period2=1620518400&interval=1mo&filter=history&frequency=1mo&includeAdjustedClose=true,"Feb 01, 2018",41.79,44.53
1620615670-23131,https://finance.yahoo.com/quote/AAPL/history?period1=345427200&period2=1620518400&interval=1mo&filter=history&frequency=1mo&includeAdjustedClose=true,"Feb 01, 2019",41.74,43.29
1620615670-23115,https://finance.yahoo.com/quote/AAPL/history?period1=345427200&period2=1620518400&interval=1mo&filter=history&frequency=1mo&includeAdjustedClose=true,"Feb 01, 2020",76.07,68.34
1620615670-23098,https://finance.yahoo.com/quote/AAPL/history?period1=345427200&period2=1620518400&interval=1mo&filter=history&frequency=1mo&includeAdjustedClose=true,"Feb 01, 2021",133.75,121.26
1620615670-23605,https://finance.yahoo.com/quote/AAPL/history?period1=345427200&period2=1620518400&interval=1mo&filter=history&frequency=1mo&includeAdjustedClose=true,"Jan 01, 1985",0.13,0.13
1620615670-23593,https://finance.yahoo.com/quote/AAPL/history?period1=345427200&period2=1620518400&interval=1mo&filter=history&frequency=1mo&includeAdjustedClose=true,"Jan 01, 1986",0.1,0.1
1620615670-23581,https://finance.yahoo.com/quote/AAPL/history?period1=345427200&period2=1620518400&interval=1mo&filter=history&frequency=1mo&includeAdjustedClose=true,"Jan 01, 1987",0.18,0.25
1620615670-23565,https://finance.yahoo.com/quote/AAPL/history?period1=345427200&period2=1620518400&interval=1mo&filter=history&frequency=1mo&includeAdjustedClose=true,"Jan 01, 1988",0.38,0.37
1620615670-23549,https://finance.yahoo.com/quote/AAPL/history?period1=345427200&period2=1620518400&interval=1mo&filter=history&frequency=1mo&includeAdjustedClose=true,"Jan 01, 1989",0.36,0.34
1620615670-23533,https://finance.yahoo.com/quote/AAPL/history?period1=345427200&period2=1620518400&interval=1mo&filter=history&frequency=1mo&includeAdjustedClose=true,"Jan 01, 1990",0.31,0.3
1620615670-23517,https://finance.yahoo.com/quote/AAPL/history?period1=345427200&period2=1620518400&interval=1mo&filter=history&frequency=1mo&includeAdjustedClose=true,"Jan 01, 1991",0.38,0.5
1620615670-23501,https://finance.yahoo.com/quote/AAPL/history?period1=345427200&period2=1620518400&interval=1mo&filter=history&frequency=1mo&includeAdjustedClose=true,"Jan 01, 1992",0.5,0.58
1620615670-23485,https://finance.yahoo.com/quote/AAPL/history?period1=345427200&period2=1620518400&interval=1mo&filter=history&frequency=1mo&includeAdjustedClose=true,"Jan 01, 1993",0.53,0.53
1620615670-23469,https://finance.yahoo.com/quote/AAPL/history?period1=345427200&period2=1620518400&interval=1mo&filter=history&frequency=1mo&includeAdjustedClose=true,"Jan 01, 1994",0.26,0.29
1620615670-23453,https://finance.yahoo.com/quote/AAPL/history?period1=345427200&period2=1620518400&interval=1mo&filter=history&frequency=1mo&includeAdjustedClose=true,"Jan 01, 1995",0.35,0.36
1620615670-23437,https://finance.yahoo.com/quote/AAPL/history?period1=345427200&period2=1620518400&interval=1mo&filter=history&frequency=1mo&includeAdjustedClose=true,"Jan 01, 1996",0.29,0.25
1620615670-23425,https://finance.yahoo.com/quote/AAPL/history?period1=345427200&period2=1620518400&interval=1mo&filter=history&frequency=1mo&includeAdjustedClose=true,"Jan 01, 1997",0.19,0.15
1620615670-23413,https://finance.yahoo.com/quote/AAPL/history?period1=345427200&period2=1620518400&interval=1mo&filter=history&frequency=1mo&includeAdjustedClose=true,"Jan 01, 1998",0.12,0.16
1620615670-23401,https://finance.yahoo.com/quote/AAPL/history?period1=345427200&period2=1620518400&interval=1mo&filter=history&frequency=1mo&includeAdjustedClose=true,"Jan 01, 1999",0.38,0.37
1620615670-23389,https://finance.yahoo.com/quote/AAPL/history?period1=345427200&period2=1620518400&interval=1mo&filter=history&frequency=1mo&includeAdjustedClose=true,"Jan 01, 2000",0.94,0.93
1620615670-23376,https://finance.yahoo.com/quote/AAPL/history?period1=345427200&period2=1620518400&interval=1mo&filter=history&frequency=1mo&includeAdjustedClose=true,"Jan 01, 2001",0.27,0.39
1620615670-23364,https://finance.yahoo.com/quote/AAPL/history?period1=345427200&period2=1620518400&interval=1mo&filter=history&frequency=1mo&includeAdjustedClose=true,"Jan 01, 2002",0.39,0.44
1620615670-23352,https://finance.yahoo.com/quote/AAPL/history?period1=345427200&period2=1620518400&interval=1mo&filter=history&frequency=1mo&includeAdjustedClose=true,"Jan 01, 2003",0.26,0.26
1620615670-23340,https://finance.yahoo.com/quote/AAPL/history?period1=345427200&period2=1620518400&interval=1mo&filter=history&frequency=1mo&includeAdjustedClose=true,"Jan 01, 2004",0.38,0.4
1620615670-23328,https://finance.yahoo.com/quote/AAPL/history?period1=345427200&period2=1620518400&interval=1mo&filter=history&frequency=1mo&includeAdjustedClose=true,"Jan 01, 2005",1.16,1.37
1620615670-23315,https://finance.yahoo.com/quote/AAPL/history?period1=345427200&period2=1620518400&interval=1mo&filter=history&frequency=1mo&includeAdjustedClose=true,"Jan 01, 2006",2.59,2.7
1620615670-23303,https://finance.yahoo.com/quote/AAPL/history?period1=345427200&period2=1620518400&interval=1mo&filter=history&frequency=1mo&includeAdjustedClose=true,"Jan 01, 2007",3.08,3.06
1620615670-23291,https://finance.yahoo.com/quote/AAPL/history?period1=345427200&period2=1620518400&interval=1mo&filter=history&frequency=1mo&includeAdjustedClose=true,"Jan 01, 2008",7.12,4.83
1620615670-23279,https://finance.yahoo.com/quote/AAPL/history?period1=345427200&period2=1620518400&interval=1mo&filter=history&frequency=1mo&includeAdjustedClose=true,"Jan 01, 2009",3.07,3.22
1620615670-23267,https://finance.yahoo.com/quote/AAPL/history?period1=345427200&period2=1620518400&interval=1mo&filter=history&frequency=1mo&includeAdjustedClose=true,"Jan 01, 2010",7.62,6.86
1620615670-23255,https://finance.yahoo.com/quote/AAPL/history?period1=345427200&period2=1620518400&interval=1mo&filter=history&frequency=1mo&includeAdjustedClose=true,"Jan 01, 2011",11.63,12.12
1620615670-23243,https://finance.yahoo.com/quote/AAPL/history?period1=345427200&period2=1620518400&interval=1mo&filter=history&frequency=1mo&includeAdjustedClose=true,"Jan 01, 2012",14.62,16.3
1620615670-23229,https://finance.yahoo.com/quote/AAPL/history?period1=345427200&period2=1620518400&interval=1mo&filter=history&frequency=1mo&includeAdjustedClose=true,"Jan 01, 2013",19.78,16.27
1620615670-23213,https://finance.yahoo.com/quote/AAPL/history?period1=345427200&period2=1620518400&interval=1mo&filter=history&frequency=1mo&includeAdjustedClose=true,"Jan 01, 2014",19.85,17.88
1620615670-23196,https://finance.yahoo.com/quote/AAPL/history?period1=345427200&period2=1620518400&interval=1mo&filter=history&frequency=1mo&includeAdjustedClose=true,"Jan 01, 2015",27.85,29.29
1620615670-23180,https://finance.yahoo.com/quote/AAPL/history?period1=345427200&period2=1620518400&interval=1mo&filter=history&frequency=1mo&includeAdjustedClose=true,"Jan 01, 2016",25.65,24.33
1620615670-23164,https://finance.yahoo.com/quote/AAPL/history?period1=345427200&period2=1620518400&interval=1mo&filter=history&frequency=1mo&includeAdjustedClose=true,"Jan 01, 2017",28.95,30.34
1620615670-23148,https://finance.yahoo.com/quote/AAPL/history?period1=345427200&period2=1620518400&interval=1mo&filter=history&frequency=1mo&includeAdjustedClose=true,"Jan 01, 2018",42.54,41.86
1620615670-23132,https://finance.yahoo.com/quote/AAPL/history?period1=345427200&period2=1620518400&interval=1mo&filter=history&frequency=1mo&includeAdjustedClose=true,"Jan 01, 2019",38.72,41.61
1620615670-23116,https://finance.yahoo.com/quote/AAPL/history?period1=345427200&period2=1620518400&interval=1mo&filter=history&frequency=1mo&includeAdjustedClose=true,"Jan 01, 2020",74.06,77.38
1620615670-23099,https://finance.yahoo.com/quote/AAPL/history?period1=345427200&period2=1620518400&interval=1mo&filter=history&frequency=1mo&includeAdjustedClose=true,"Jan 01, 2021",133.52,131.96
1620615670-23599,https://finance.yahoo.com/quote/AAPL/history?period1=345427200&period2=1620518400&interval=1mo&filter=history&frequency=1mo&includeAdjustedClose=true,"Jul 01, 1985",0.08,0.07
1620615670-23587,https://finance.yahoo.com/quote/AAPL/history?period1=345427200&period2=1620518400&interval=1mo&filter=history&frequency=1mo&includeAdjustedClose=true,"Jul 01, 1986",0.16,0.14
1620615670-23573,https://finance.yahoo.com/quote/AAPL/history?period1=345427200&period2=1620518400&interval=1mo&filter=history&frequency=1mo&includeAdjustedClose=true,"Jul 01, 1987",0.36,0.37
1620615670-23557,https://finance.yahoo.com/quote/AAPL/history?period1=345427200&period2=1620518400&interval=1mo&filter=history&frequency=1mo&includeAdjustedClose=true,"Jul 01, 1988",0.42,0.4
1620615670-23541,https://finance.yahoo.com/quote/AAPL/history?period1=345427200&period2=1620518400&interval=1mo&filter=history&frequency=1mo&includeAdjustedClose=true,"Jul 01, 1989",0.37,0.35
1620615670-23525,https://finance.yahoo.com/quote/AAPL/history?period1=345427200&period2=1620518400&interval=1mo&filter=history&frequency=1mo&includeAdjustedClose=true,"Jul 01, 1990",0.4,0.38
1620615670-23509,https://finance.yahoo.com/quote/AAPL/history?period1=345427200&period2=1620518400&interval=1mo&filter=history&frequency=1mo&includeAdjustedClose=true,"Jul 01, 1991",0.38,0.41
1620615670-23493,https://finance.yahoo.com/quote/AAPL/history?period1=345427200&period2=1620518400&interval=1mo&filter=history&frequency=1mo&includeAdjustedClose=true,"Jul 01, 1992",0.43,0.42
1620615670-23477,https://finance.yahoo.com/quote/AAPL/history?period1=345427200&period2=1620518400&interval=1mo&filter=history&frequency=1mo&includeAdjustedClose=true,"Jul 01, 1993",0.35,0.25
1620615670-23461,https://finance.yahoo.com/quote/AAPL/history?period1=345427200&period2=1620518400&interval=1mo&filter=history&frequency=1mo&includeAdjustedClose=true,"Jul 01, 1994",0.24,0.3
1620615670-23445,https://finance.yahoo.com/quote/AAPL/history?period1=345427200&period2=1620518400&interval=1mo&filter=history&frequency=1mo&includeAdjustedClose=true,"Jul 01, 1995",0.42,0.4
1620615670-23431,https://finance.yahoo.com/quote/AAPL/history?period1=345427200&period2=1620518400&interval=1mo&filter=history&frequency=1mo&includeAdjustedClose=true,"Jul 01, 1996",0.19,0.2
1620615670-23419,https://finance.yahoo.com/quote/AAPL/history?period1=345427200&period2=1620518400&interval=1mo&filter=history&frequency=1mo&includeAdjustedClose=true,"Jul 01, 1997",0.12,0.16
1620615670-23407,https://finance.yahoo.com/quote/AAPL/history?period1=345427200&period2=1620518400&interval=1mo&filter=history&frequency=1mo&includeAdjustedClose=true,"Jul 01, 1998",0.26,0.31
1620615670-23395,https://finance.yahoo.com/quote/AAPL/history?period1=345427200&period2=1620518400&interval=1mo&filter=history&frequency=1mo&includeAdjustedClose=true,"Jul 01, 1999",0.41,0.5
1620615670-23382,https://finance.yahoo.com/quote/AAPL/history?period1=345427200&period2=1620518400&interval=1mo&filter=history&frequency=1mo&includeAdjustedClose=true,"Jul 01, 2000",0.93,0.91
1620615670-23370,https://finance.yahoo.com/quote/AAPL/history?period1=345427200&period2=1620518400&interval=1mo&filter=history&frequency=1mo&includeAdjustedClose=true,"Jul 01, 2001",0.42,0.34
1620615670-23358,https://finance.yahoo.com/quote/AAPL/history?period1=345427200&period2=1620518400&interval=1mo&filter=history&frequency=1mo&includeAdjustedClose=true,"Jul 01, 2002",0.32,0.27
1620615670-23346,https://finance.yahoo.com/quote/AAPL/history?period1=345427200&period2=1620518400&interval=1mo&filter=history&frequency=1mo&includeAdjustedClose=true,"Jul 01, 2003",0.34,0.38
1620615670-23334,https://finance.yahoo.com/quote/AAPL/history?period1=345427200&period2=1620518400&interval=1mo&filter=history&frequency=1mo&includeAdjustedClose=true,"Jul 01, 2004",0.57,0.58
1620615670-23321,https://finance.yahoo.com/quote/AAPL/history?period1=345427200&period2=1620518400&interval=1mo&filter=history&frequency=1mo&includeAdjustedClose=true,"Jul 01, 2005",1.32,1.52
1620615670-23309,https://finance.yahoo.com/quote/AAPL/history?period1=345427200&period2=1620518400&interval=1mo&filter=history&frequency=1mo&includeAdjustedClose=true,"Jul 01, 2006",2.05,2.43
1620615670-23297,https://finance.yahoo.com/quote/AAPL/history?period1=345427200&period2=1620518400&interval=1mo&filter=history&frequency=1mo&includeAdjustedClose=true,"Jul 01, 2007",4.32,4.71
1620615670-23285,https://finance.yahoo.com/quote/AAPL/history?period1=345427200&period2=1620518400&interval=1mo&filter=history&frequency=1mo&includeAdjustedClose=true,"Jul 01, 2008",5.87,5.68
1620615670-23273,https://finance.yahoo.com/quote/AAPL/history?period1=345427200&period2=1620518400&interval=1mo&filter=history&frequency=1mo&includeAdjustedClose=true,"Jul 01, 2009",5.13,5.84
1620615670-23261,https://finance.yahoo.com/quote/AAPL/history?period1=345427200&period2=1620518400&interval=1mo&filter=history&frequency=1mo&includeAdjustedClose=true,"Jul 01, 2010",9.08,9.19
1620615670-23249,https://finance.yahoo.com/quote/AAPL/history?period1=345427200&period2=1620518400&interval=1mo&filter=history&frequency=1mo&includeAdjustedClose=true,"Jul 01, 2011",12,13.95
1620615670-23237,https://finance.yahoo.com/quote/AAPL/history?period1=345427200&period2=1620518400&interval=1mo&filter=history&frequency=1mo&includeAdjustedClose=true,"Jul 01, 2012",20.88,21.81
1620615670-23221,https://finance.yahoo.com/quote/AAPL/history?period1=345427200&period2=1620518400&interval=1mo&filter=history&frequency=1mo&includeAdjustedClose=true,"Jul 01, 2013",14.38,16.16
1620615670-23204,https://finance.yahoo.com/quote/AAPL/history?period1=345427200&period2=1620518400&interval=1mo&filter=history&frequency=1mo&includeAdjustedClose=true,"Jul 01, 2014",23.38,23.9
1620615670-23188,https://finance.yahoo.com/quote/AAPL/history?period1=345427200&period2=1620518400&interval=1mo&filter=history&frequency=1mo&includeAdjustedClose=true,"Jul 01, 2015",31.73,30.33
1620615670-23172,https://finance.yahoo.com/quote/AAPL/history?period1=345427200&period2=1620518400&interval=1mo&filter=history&frequency=1mo&includeAdjustedClose=true,"Jul 01, 2016",23.87,26.05
1620615670-23156,https://finance.yahoo.com/quote/AAPL/history?period1=345427200&period2=1620518400&interval=1mo&filter=history&frequency=1mo&includeAdjustedClose=true,"Jul 01, 2017",36.22,37.18
1620615670-23140,https://finance.yahoo.com/quote/AAPL/history?period1=345427200&period2=1620518400&interval=1mo&filter=history&frequency=1mo&includeAdjustedClose=true,"Jul 01, 2018",45.96,47.57
1620615670-23124,https://finance.yahoo.com/quote/AAPL/history?period1=345427200&period2=1620518400&interval=1mo&filter=history&frequency=1mo&includeAdjustedClose=true,"Jul 01, 2019",50.79,53.26
1620615670-23108,https://finance.yahoo.com/quote/AAPL/history?period1=345427200&period2=1620518400&interval=1mo&filter=history&frequency=1mo&includeAdjustedClose=true,"Jul 01, 2020",91.28,106.26
1620615670-23600,https://finance.yahoo.com/quote/AAPL/history?period1=345427200&period2=1620518400&interval=1mo&filter=history&frequency=1mo&includeAdjustedClose=true,"Jun 01, 1985",0.08,0.08
1620615670-23588,https://finance.yahoo.com/quote/AAPL/history?period1=345427200&period2=1620518400&interval=1mo&filter=history&frequency=1mo&includeAdjustedClose=true,"Jun 01, 1986",0.17,0.16
1620615670-23575,https://finance.yahoo.com/quote/AAPL/history?period1=345427200&period2=1620518400&interval=1mo&filter=history&frequency=1mo&includeAdjustedClose=true,"Jun 01, 1987",0.35,0.36
1620615670-23558,https://finance.yahoo.com/quote/AAPL/history?period1=345427200&period2=1620518400&interval=1mo&filter=history&frequency=1mo&includeAdjustedClose=true,"Jun 01, 1988",0.37,0.41
1620615670-23542,https://finance.yahoo.com/quote/AAPL/history?period1=345427200&period2=1620518400&interval=1mo&filter=history&frequency=1mo&includeAdjustedClose=true,"Jun 01, 1989",0.43,0.37
1620615670-23526,https://finance.yahoo.com/quote/AAPL/history?period1=345427200&period2=1620518400&interval=1mo&filter=history&frequency=1mo&includeAdjustedClose=true,"Jun 01, 1990",0.37,0.4
1620615670-23510,https://finance.yahoo.com/quote/AAPL/history?period1=345427200&period2=1620518400&interval=1mo&filter=history&frequency=1mo&includeAdjustedClose=true,"Jun 01, 1991",0.42,0.37
1620615670-23495,https://finance.yahoo.com/quote/AAPL/history?period1=345427200&period2=1620518400&interval=1mo&filter=history&frequency=1mo&includeAdjustedClose=true,"Jun 01, 1992",0.51,0.43
1620615670-23478,https://finance.yahoo.com/quote/AAPL/history?period1=345427200&period2=1620518400&interval=1mo&filter=history&frequency=1mo&includeAdjustedClose=true,"Jun 01, 1993",0.5,0.35
1620615670-23462,https://finance.yahoo.com/quote/AAPL/history?period1=345427200&period2=1620518400&interval=1mo&filter=history&frequency=1mo&includeAdjustedClose=true,"Jun 01, 1994",0.25,0.24
1620615670-23446,https://finance.yahoo.com/quote/AAPL/history?period1=345427200&period2=1620518400&interval=1mo&filter=history&frequency=1mo&includeAdjustedClose=true,"Jun 01, 1995",0.37,0.41
1620615670-23432,https://finance.yahoo.com/quote/AAPL/history?period1=345427200&period2=1620518400&interval=1mo&filter=history&frequency=1mo&includeAdjustedClose=true,"Jun 01, 1996",0.23,0.19
1620615670-23420,https://finance.yahoo.com/quote/AAPL/history?period1=345427200&period2=1620518400&interval=1mo&filter=history&frequency=1mo&includeAdjustedClose=true,"Jun 01, 1997",0.15,0.13
1620615670-23408,https://finance.yahoo.com/quote/AAPL/history?period1=345427200&period2=1620518400&interval=1mo&filter=history&frequency=1mo&includeAdjustedClose=true,"Jun 01, 1998",0.24,0.26
1620615670-23396,https://finance.yahoo.com/quote/AAPL/history?period1=345427200&period2=1620518400&interval=1mo&filter=history&frequency=1mo&includeAdjustedClose=true,"Jun 01, 1999",0.4,0.41
1620615670-23384,https://finance.yahoo.com/quote/AAPL/history?period1=345427200&period2=1620518400&interval=1mo&filter=history&frequency=1mo&includeAdjustedClose=true,"Jun 01, 2000",0.73,0.94
1620615670-23371,https://finance.yahoo.com/quote/AAPL/history?period1=345427200&period2=1620518400&interval=1mo&filter=history&frequency=1mo&includeAdjustedClose=true,"Jun 01, 2001",0.36,0.42
1620615670-23359,https://finance.yahoo.com/quote/AAPL/history?period1=345427200&period2=1620518400&interval=1mo&filter=history&frequency=1mo&includeAdjustedClose=true,"Jun 01, 2002",0.42,0.32
1620615670-23347,https://finance.yahoo.com/quote/AAPL/history?period1=345427200&period2=1620518400&interval=1mo&filter=history&frequency=1mo&includeAdjustedClose=true,"Jun 01, 2003",0.32,0.34
1620615670-23335,https://finance.yahoo.com/quote/AAPL/history?period1=345427200&period2=1620518400&interval=1mo&filter=history&frequency=1mo&includeAdjustedClose=true,"Jun 01, 2004",0.5,0.58
1620615670-23322,https://finance.yahoo.com/quote/AAPL/history?period1=345427200&period2=1620518400&interval=1mo&filter=history&frequency=1mo&includeAdjustedClose=true,"Jun 01, 2005",1.42,1.31
1620615670-23310,https://finance.yahoo.com/quote/AAPL/history?period1=345427200&period2=1620518400&interval=1mo&filter=history&frequency=1mo&includeAdjustedClose=true,"Jun 01, 2006",2.14,2.05
1620615670-23298,https://finance.yahoo.com/quote/AAPL/history?period1=345427200&period2=1620518400&interval=1mo&filter=history&frequency=1mo&includeAdjustedClose=true,"Jun 01, 2007",4.32,4.36
1620615670-23286,https://finance.yahoo.com/quote/AAPL/history?period1=345427200&period2=1620518400&interval=1mo&filter=history&frequency=1mo&includeAdjustedClose=true,"Jun 01, 2008",6.74,5.98
1620615670-23274,https://finance.yahoo.com/quote/AAPL/history?period1=345427200&period2=1620518400&interval=1mo&filter=history&frequency=1mo&includeAdjustedClose=true,"Jun 01, 2009",4.87,5.09
1620615670-23262,https://finance.yahoo.com/quote/AAPL/history?period1=345427200&period2=1620518400&interval=1mo&filter=history&frequency=1mo&includeAdjustedClose=true,"Jun 01, 2010",9.27,8.98
1620615670-23250,https://finance.yahoo.com/quote/AAPL/history?period1=345427200&period2=1620518400&interval=1mo&filter=history&frequency=1mo&includeAdjustedClose=true,"Jun 01, 2011",12.46,11.99
1620615670-23238,https://finance.yahoo.com/quote/AAPL/history?period1=345427200&period2=1620518400&interval=1mo&filter=history&frequency=1mo&includeAdjustedClose=true,"Jun 01, 2012",20.33,20.86
1620615670-23222,https://finance.yahoo.com/quote/AAPL/history?period1=345427200&period2=1620518400&interval=1mo&filter=history&frequency=1mo&includeAdjustedClose=true,"Jun 01, 2013",16.1,14.16
1620615670-23206,https://finance.yahoo.com/quote/AAPL/history?period1=345427200&period2=1620518400&interval=1mo&filter=history&frequency=1mo&includeAdjustedClose=true,"Jun 01, 2014",22.64,23.23
1620615670-23189,https://finance.yahoo.com/quote/AAPL/history?period1=345427200&period2=1620518400&interval=1mo&filter=history&frequency=1mo&includeAdjustedClose=true,"Jun 01, 2015",32.57,31.36
1620615670-23173,https://finance.yahoo.com/quote/AAPL/history?period1=345427200&period2=1620518400&interval=1mo&filter=history&frequency=1mo&includeAdjustedClose=true,"Jun 01, 2016",24.75,23.9
1620615670-23157,https://finance.yahoo.com/quote/AAPL/history?period1=345427200&period2=1620518400&interval=1mo&filter=history&frequency=1mo&includeAdjustedClose=true,"Jun 01, 2017",38.29,36.01
1620615670-23141,https://finance.yahoo.com/quote/AAPL/history?period1=345427200&period2=1620518400&interval=1mo&filter=history&frequency=1mo&includeAdjustedClose=true,"Jun 01, 2018",47,46.28
1620615670-23125,https://finance.yahoo.com/quote/AAPL/history?period1=345427200&period2=1620518400&interval=1mo&filter=history&frequency=1mo&includeAdjustedClose=true,"Jun 01, 2019",43.9,49.48
1620615670-23109,https://finance.yahoo.com/quote/AAPL/history?period1=345427200&period2=1620518400&interval=1mo&filter=history&frequency=1mo&includeAdjustedClose=true,"Jun 01, 2020",79.44,91.2
1620615670-23603,https://finance.yahoo.com/quote/AAPL/history?period1=345427200&period2=1620518400&interval=1mo&filter=history&frequency=1mo&includeAdjustedClose=true,"Mar 01, 1985",0.11,0.1
1620615670-23591,https://finance.yahoo.com/quote/AAPL/history?period1=345427200&period2=1620518400&interval=1mo&filter=history&frequency=1mo&includeAdjustedClose=true,"Mar 01, 1986",0.11,0.13
1620615670-23579,https://finance.yahoo.com/quote/AAPL/history?period1=345427200&period2=1620518400&interval=1mo&filter=history&frequency=1mo&includeAdjustedClose=true,"Mar 01, 1987",0.31,0.29
1620615670-23562,https://finance.yahoo.com/quote/AAPL/history?period1=345427200&period2=1620518400&interval=1mo&filter=history&frequency=1mo&includeAdjustedClose=true,"Mar 01, 1988",0.39,0.36
1620615670-23546,https://finance.yahoo.com/quote/AAPL/history?period1=345427200&period2=1620518400&interval=1mo&filter=history&frequency=1mo&includeAdjustedClose=true,"Mar 01, 1989",0.32,0.32
1620615670-23530,https://finance.yahoo.com/quote/AAPL/history?period1=345427200&period2=1620518400&interval=1mo&filter=history&frequency=1mo&includeAdjustedClose=true,"Mar 01, 1990",0.3,0.36
1620615670-23514,https://finance.yahoo.com/quote/AAPL/history?period1=345427200&period2=1620518400&interval=1mo&filter=history&frequency=1mo&includeAdjustedClose=true,"Mar 01, 1991",0.51,0.61
1620615670-23498,https://finance.yahoo.com/quote/AAPL/history?period1=345427200&period2=1620518400&interval=1mo&filter=history&frequency=1mo&includeAdjustedClose=true,"Mar 01, 1992",0.6,0.52
1620615670-23482,https://finance.yahoo.com/quote/AAPL/history?period1=345427200&period2=1620518400&interval=1mo&filter=history&frequency=1mo&includeAdjustedClose=true,"Mar 01, 1993",0.47,0.46
1620615670-23466,https://finance.yahoo.com/quote/AAPL/history?period1=345427200&period2=1620518400&interval=1mo&filter=history&frequency=1mo&includeAdjustedClose=true,"Mar 01, 1994",0.33,0.3
1620615670-23450,https://finance.yahoo.com/quote/AAPL/history?period1=345427200&period2=1620518400&interval=1mo&filter=history&frequency=1mo&includeAdjustedClose=true,"Mar 01, 1995",0.35,0.31
1620615670-23435,https://finance.yahoo.com/quote/AAPL/history?period1=345427200&period2=1620518400&interval=1mo&filter=history&frequency=1mo&includeAdjustedClose=true,"Mar 01, 1996",0.25,0.22
1620615670-23423,https://finance.yahoo.com/quote/AAPL/history?period1=345427200&period2=1620518400&interval=1mo&filter=history&frequency=1mo&includeAdjustedClose=true,"Mar 01, 1997",0.15,0.16
1620615670-23411,https://finance.yahoo.com/quote/AAPL/history?period1=345427200&period2=1620518400&interval=1mo&filter=history&frequency=1mo&includeAdjustedClose=true,"Mar 01, 1998",0.21,0.25
1620615670-23399,https://finance.yahoo.com/quote/AAPL/history?period1=345427200&period2=1620518400&interval=1mo&filter=history&frequency=1mo&includeAdjustedClose=true,"Mar 01, 1999",0.31,0.32
1620615670-23387,https://finance.yahoo.com/quote/AAPL/history?period1=345427200&period2=1620518400&interval=1mo&filter=history&frequency=1mo&includeAdjustedClose=true,"Mar 01, 2000",1.06,1.21
1620615670-23374,https://finance.yahoo.com/quote/AAPL/history?period1=345427200&period2=1620518400&interval=1mo&filter=history&frequency=1mo&includeAdjustedClose=true,"Mar 01, 2001",0.32,0.39
1620615670-23362,https://finance.yahoo.com/quote/AAPL/history?period1=345427200&period2=1620518400&interval=1mo&filter=history&frequency=1mo&includeAdjustedClose=true,"Mar 01, 2002",0.39,0.42
1620615670-23350,https://finance.yahoo.com/quote/AAPL/history?period1=345427200&period2=1620518400&interval=1mo&filter=history&frequency=1mo&includeAdjustedClose=true,"Mar 01, 2003",0.27,0.25
1620615670-23338,https://finance.yahoo.com/quote/AAPL/history?period1=345427200&period2=1620518400&interval=1mo&filter=history&frequency=1mo&includeAdjustedClose=true,"Mar 01, 2004",0.43,0.48
1620615670-23325,https://finance.yahoo.com/quote/AAPL/history?period1=345427200&period2=1620518400&interval=1mo&filter=history&frequency=1mo&includeAdjustedClose=true,"Mar 01, 2005",1.61,1.49
1620615670-23313,https://finance.yahoo.com/quote/AAPL/history?period1=345427200&period2=1620518400&interval=1mo&filter=history&frequency=1mo&includeAdjustedClose=true,"Mar 01, 2006",2.46,2.24
1620615670-23301,https://finance.yahoo.com/quote/AAPL/history?period1=345427200&period2=1620518400&interval=1mo&filter=history&frequency=1mo&includeAdjustedClose=true,"Mar 01, 2007",3,3.32
1620615670-23289,https://finance.yahoo.com/quote/AAPL/history?period1=345427200&period2=1620518400&interval=1mo&filter=history&frequency=1mo&includeAdjustedClose=true,"Mar 01, 2008",4.44,5.13
1620615670-23277,https://finance.yahoo.com/quote/AAPL/history?period1=345427200&period2=1620518400&interval=1mo&filter=history&frequency=1mo&includeAdjustedClose=true,"Mar 01, 2009",3.15,3.75
1620615670-23265,https://finance.yahoo.com/quote/AAPL/history?period1=345427200&period2=1620518400&interval=1mo&filter=history&frequency=1mo&includeAdjustedClose=true,"Mar 01, 2010",7.35,8.39
1620615670-23253,https://finance.yahoo.com/quote/AAPL/history?period1=345427200&period2=1620518400&interval=1mo&filter=history&frequency=1mo&includeAdjustedClose=true,"Mar 01, 2011",12.7,12.45
1620615670-23241,https://finance.yahoo.com/quote/AAPL/history?period1=345427200&period2=1620518400&interval=1mo&filter=history&frequency=1mo&includeAdjustedClose=true,"Mar 01, 2012",19.58,21.41
1620615670-23226,https://finance.yahoo.com/quote/AAPL/history?period1=345427200&period2=1620518400&interval=1mo&filter=history&frequency=1mo&includeAdjustedClose=true,"Mar 01, 2013",15.64,15.81
1620615670-23210,https://finance.yahoo.com/quote/AAPL/history?period1=345427200&period2=1620518400&interval=1mo&filter=history&frequency=1mo&includeAdjustedClose=true,"Mar 01, 2014",18.69,19.17
1620615670-23193,https://finance.yahoo.com/quote/AAPL/history?period1=345427200&period2=1620518400&interval=1mo&filter=history&frequency=1mo&includeAdjustedClose=true,"Mar 01, 2015",32.31,31.11
1620615670-23177,https://finance.yahoo.com/quote/AAPL/history?period1=345427200&period2=1620518400&interval=1mo&filter=history&frequency=1mo&includeAdjustedClose=true,"Mar 01, 2016",24.41,27.25
1620615670-23161,https://finance.yahoo.com/quote/AAPL/history?period1=345427200&period2=1620518400&interval=1mo&filter=history&frequency=1mo&includeAdjustedClose=true,"Mar 01, 2017",34.47,35.92
1620615670-23145,https://finance.yahoo.com/quote/AAPL/history?period1=345427200&period2=1620518400&interval=1mo&filter=history&frequency=1mo&includeAdjustedClose=true,"Mar 01, 2018",44.63,41.94
1620615670-23129,https://finance.yahoo.com/quote/AAPL/history?period1=345427200&period2=1620518400&interval=1mo&filter=history&frequency=1mo&includeAdjustedClose=true,"Mar 01, 2019",43.57,47.49
1620615670-23113,https://finance.yahoo.com/quote/AAPL/history?period1=345427200&period2=1620518400&interval=1mo&filter=history&frequency=1mo&includeAdjustedClose=true,"Mar 01, 2020",70.57,63.57
1620615670-23096,https://finance.yahoo.com/quote/AAPL/history?period1=345427200&period2=1620518400&interval=1mo&filter=history&frequency=1mo&includeAdjustedClose=true,"Mar 01, 2021",123.75,122.15
1620615670-23601,https://finance.yahoo.com/quote/AAPL/history?period1=345427200&period2=1620518400&interval=1mo&filter=history&frequency=1mo&includeAdjustedClose=true,"May 01, 1985",0.09,0.08
1620615670-23589,https://finance.yahoo.com/quote/AAPL/history?period1=345427200&period2=1620518400&interval=1mo&filter=history&frequency=1mo&includeAdjustedClose=true,"May 01, 1986",0.14,0.17
1620615670-23577,https://finance.yahoo.com/quote/AAPL/history?period1=345427200&period2=1620518400&interval=1mo&filter=history&frequency=1mo&includeAdjustedClose=true,"May 01, 1987",0.35,0.35
1620615670-23560,https://finance.yahoo.com/quote/AAPL/history?period1=345427200&period2=1620518400&interval=1mo&filter=history&frequency=1mo&includeAdjustedClose=true,"May 01, 1988",0.36,0.37
1620615670-23544,https://finance.yahoo.com/quote/AAPL/history?period1=345427200&period2=1620518400&interval=1mo&filter=history&frequency=1mo&includeAdjustedClose=true,"May 01, 1989",0.34,0.43
1620615670-23528,https://finance.yahoo.com/quote/AAPL/history?period1=345427200&period2=1620518400&interval=1mo&filter=history&frequency=1mo&includeAdjustedClose=true,"May 01, 1990",0.35,0.37
1620615670-23512,https://finance.yahoo.com/quote/AAPL/history?period1=345427200&period2=1620518400&interval=1mo&filter=history&frequency=1mo&includeAdjustedClose=true,"May 01, 1991",0.43,0.42
1620615670-23496,https://finance.yahoo.com/quote/AAPL/history?period1=345427200&period2=1620518400&interval=1mo&filter=history&frequency=1mo&includeAdjustedClose=true,"May 01, 1992",0.54,0.53
1620615670-23480,https://finance.yahoo.com/quote/AAPL/history?period1=345427200&period2=1620518400&interval=1mo&filter=history&frequency=1mo&includeAdjustedClose=true,"May 01, 1993",0.46,0.51
1620615670-23464,https://finance.yahoo.com/quote/AAPL/history?period1=345427200&period2=1620518400&interval=1mo&filter=history&frequency=1mo&includeAdjustedClose=true,"May 01, 1994",0.27,0.26
1620615670-23448,https://finance.yahoo.com/quote/AAPL/history?period1=345427200&period2=1620518400&interval=1mo&filter=history&frequency=1mo&includeAdjustedClose=true,"May 01, 1995",0.34,0.37
1620615670-23433,https://finance.yahoo.com/quote/AAPL/history?period1=345427200&period2=1620518400&interval=1mo&filter=history&frequency=1mo&includeAdjustedClose=true,"May 01, 1996",0.22,0.23
1620615670-23421,https://finance.yahoo.com/quote/AAPL/history?period1=345427200&period2=1620518400&interval=1mo&filter=history&frequency=1mo&includeAdjustedClose=true,"May 01, 1997",0.15,0.15
1620615670-23409,https://finance.yahoo.com/quote/AAPL/history?period1=345427200&period2=1620518400&interval=1mo&filter=history&frequency=1mo&includeAdjustedClose=true,"May 01, 1998",0.25,0.24
1620615670-23397,https://finance.yahoo.com/quote/AAPL/history?period1=345427200&period2=1620518400&interval=1mo&filter=history&frequency=1mo&includeAdjustedClose=true,"May 01, 1999",0.41,0.39
1620615670-23385,https://finance.yahoo.com/quote/AAPL/history?period1=345427200&period2=1620518400&interval=1mo&filter=history&frequency=1mo&includeAdjustedClose=true,"May 01, 2000",1.11,0.75
1620615670-23372,https://finance.yahoo.com/quote/AAPL/history?period1=345427200&period2=1620518400&interval=1mo&filter=history&frequency=1mo&includeAdjustedClose=true,"May 01, 2001",0.45,0.36
1620615670-23360,https://finance.yahoo.com/quote/AAPL/history?period1=345427200&period2=1620518400&interval=1mo&filter=history&frequency=1mo&includeAdjustedClose=true,"May 01, 2002",0.43,0.42
1620615670-23348,https://finance.yahoo.com/quote/AAPL/history?period1=345427200&period2=1620518400&interval=1mo&filter=history&frequency=1mo&includeAdjustedClose=true,"May 01, 2003",0.25,0.32
1620615670-23336,https://finance.yahoo.com/quote/AAPL/history?period1=345427200&period2=1620518400&interval=1mo&filter=history&frequency=1mo&includeAdjustedClose=true,"May 01, 2004",0.46,0.5
1620615670-23323,https://finance.yahoo.com/quote/AAPL/history?period1=345427200&period2=1620518400&interval=1mo&filter=history&frequency=1mo&includeAdjustedClose=true,"May 01, 2005",1.29,1.42
1620615670-23311,https://finance.yahoo.com/quote/AAPL/history?period1=345427200&period2=1620518400&interval=1mo&filter=history&frequency=1mo&includeAdjustedClose=true,"May 01, 2006",2.53,2.13
1620615670-23299,https://finance.yahoo.com/quote/AAPL/history?period1=345427200&period2=1620518400&interval=1mo&filter=history&frequency=1mo&includeAdjustedClose=true,"May 01, 2007",3.56,4.33
1620615670-23287,https://finance.yahoo.com/quote/AAPL/history?period1=345427200&period2=1620518400&interval=1mo&filter=history&frequency=1mo&includeAdjustedClose=true,"May 01, 2008",6.25,6.74
1620615670-23275,https://finance.yahoo.com/quote/AAPL/history?period1=345427200&period2=1620518400&interval=1mo&filter=history&frequency=1mo&includeAdjustedClose=true,"May 01, 2009",4.49,4.85
1620615670-23263,https://finance.yahoo.com/quote/AAPL/history?period1=345427200&period2=1620518400&interval=1mo&filter=history&frequency=1mo&includeAdjustedClose=true,"May 01, 2010",9.42,9.17
1620615670-23251,https://finance.yahoo.com/quote/AAPL/history?period1=345427200&period2=1620518400&interval=1mo&filter=history&frequency=1mo&includeAdjustedClose=true,"May 01, 2011",12.49,12.42
1620615670-23239,https://finance.yahoo.com/quote/AAPL/history?period1=345427200&period2=1620518400&interval=1mo&filter=history&frequency=1mo&includeAdjustedClose=true,"May 01, 2012",20.89,20.63
1620615670-23224,https://finance.yahoo.com/quote/AAPL/history?period1=345427200&period2=1620518400&interval=1mo&filter=history&frequency=1mo&includeAdjustedClose=true,"May 01, 2013",15.87,16.06
1620615670-23208,https://finance.yahoo.com/quote/AAPL/history?period1=345427200&period2=1620518400&interval=1mo&filter=history&frequency=1mo&includeAdjustedClose=true,"May 01, 2014",21.14,22.61
1620615670-23191,https://finance.yahoo.com/quote/AAPL/history?period1=345427200&period2=1620518400&interval=1mo&filter=history&frequency=1mo&includeAdjustedClose=true,"May 01, 2015",31.52,32.57
1620615670-23175,https://finance.yahoo.com/quote/AAPL/history?period1=345427200&period2=1620518400&interval=1mo&filter=history&frequency=1mo&includeAdjustedClose=true,"May 01, 2016",23.49,24.97
1620615670-23159,https://finance.yahoo.com/quote/AAPL/history?period1=345427200&period2=1620518400&interval=1mo&filter=history&frequency=1mo&includeAdjustedClose=true,"May 01, 2017",36.28,38.19
1620615670-23143,https://finance.yahoo.com/quote/AAPL/history?period1=345427200&period2=1620518400&interval=1mo&filter=history&frequency=1mo&includeAdjustedClose=true,"May 01, 2018",41.6,46.72
1620615670-23127,https://finance.yahoo.com/quote/AAPL/history?period1=345427200&period2=1620518400&interval=1mo&filter=history&frequency=1mo&includeAdjustedClose=true,"May 01, 2019",52.47,43.77
1620615670-23111,https://finance.yahoo.com/quote/AAPL/history?period1=345427200&period2=1620518400&interval=1mo&filter=history&frequency=1mo&includeAdjustedClose=true,"May 01, 2020",71.56,79.49
1620615670-23094,https://finance.yahoo.com/quote/AAPL/history?period1=345427200&period2=1620518400&interval=1mo&filter=history&frequency=1mo&includeAdjustedClose=true,"May 01, 2021",132.04,130.21
1620615670-23092,https://finance.yahoo.com/quote/AAPL/history?period1=345427200&period2=1620518400&interval=1mo&filter=history&frequency=1mo&includeAdjustedClose=true,"May 07, 2021",130.85,130.21
1620615670-23595,https://finance.yahoo.com/quote/AAPL/history?period1=345427200&period2=1620518400&interval=1mo&filter=history&frequency=1mo&includeAdjustedClose=true,"Nov 01, 1985",0.08,0.09
1620615670-23583,https://finance.yahoo.com/quote/AAPL/history?period1=345427200&period2=1620518400&interval=1mo&filter=history&frequency=1mo&includeAdjustedClose=true,"Nov 01, 1986",0.16,0.18
1620615670-23568,https://finance.yahoo.com/quote/AAPL/history?period1=345427200&period2=1620518400&interval=1mo&filter=history&frequency=1mo&includeAdjustedClose=true,"Nov 01, 1987",0.35,0.29
1620615670-23552,https://finance.yahoo.com/quote/AAPL/history?period1=345427200&period2=1620518400&interval=1mo&filter=history&frequency=1mo&includeAdjustedClose=true,"Nov 01, 1988",0.34,0.34
1620615670-23536,https://finance.yahoo.com/quote/AAPL/history?period1=345427200&period2=1620518400&interval=1mo&filter=history&frequency=1mo&includeAdjustedClose=true,"Nov 01, 1989",0.41,0.4
1620615670-23520,https://finance.yahoo.com/quote/AAPL/history?period1=345427200&period2=1620518400&interval=1mo&filter=history&frequency=1mo&includeAdjustedClose=true,"Nov 01, 1990",0.27,0.33
1620615670-23504,https://finance.yahoo.com/quote/AAPL/history?period1=345427200&period2=1620518400&interval=1mo&filter=history&frequency=1mo&includeAdjustedClose=true,"Nov 01, 1991",0.46,0.45
1620615670-23488,https://finance.yahoo.com/quote/AAPL/history?period1=345427200&period2=1620518400&interval=1mo&filter=history&frequency=1mo&includeAdjustedClose=true,"Nov 01, 1992",0.47,0.51
1620615670-23472,https://finance.yahoo.com/quote/AAPL/history?period1=345427200&period2=1620518400&interval=1mo&filter=history&frequency=1mo&includeAdjustedClose=true,"Nov 01, 1993",0.27,0.28
1620615670-23456,https://finance.yahoo.com/quote/AAPL/history?period1=345427200&period2=1620518400&interval=1mo&filter=history&frequency=1mo&includeAdjustedClose=true,"Nov 01, 1994",0.38,0.33
1620615670-23440,https://finance.yahoo.com/quote/AAPL/history?period1=345427200&period2=1620518400&interval=1mo&filter=history&frequency=1mo&includeAdjustedClose=true,"Nov 01, 1995",0.33,0.34
1620615670-23427,https://finance.yahoo.com/quote/AAPL/history?period1=345427200&period2=1620518400&interval=1mo&filter=history&frequency=1mo&includeAdjustedClose=true,"Nov 01, 1996",0.21,0.22
1620615670-23415,https://finance.yahoo.com/quote/AAPL/history?period1=345427200&period2=1620518400&interval=1mo&filter=history&frequency=1mo&includeAdjustedClose=true,"Nov 01, 1997",0.16,0.16
1620615670-23403,https://finance.yahoo.com/quote/AAPL/history?period1=345427200&period2=1620518400&interval=1mo&filter=history&frequency=1mo&includeAdjustedClose=true,"Nov 01, 1998",0.33,0.29
1620615670-23391,https://finance.yahoo.com/quote/AAPL/history?period1=345427200&period2=1620518400&interval=1mo&filter=history&frequency=1mo&includeAdjustedClose=true,"Nov 01, 1999",0.71,0.87
1620615670-23378,https://finance.yahoo.com/quote/AAPL/history?period1=345427200&period2=1620518400&interval=1mo&filter=history&frequency=1mo&includeAdjustedClose=true,"Nov 01, 2000",0.35,0.29
1620615670-23366,https://finance.yahoo.com/quote/AAPL/history?period1=345427200&period2=1620518400&interval=1mo&filter=history&frequency=1mo&includeAdjustedClose=true,"Nov 01, 2001",0.32,0.38
1620615670-23354,https://finance.yahoo.com/quote/AAPL/history?period1=345427200&period2=1620518400&interval=1mo&filter=history&frequency=1mo&includeAdjustedClose=true,"Nov 01, 2002",0.28,0.28
1620615670-23342,https://finance.yahoo.com/quote/AAPL/history?period1=345427200&period2=1620518400&interval=1mo&filter=history&frequency=1mo&includeAdjustedClose=true,"Nov 01, 2003",0.41,0.37
1620615670-23330,https://finance.yahoo.com/quote/AAPL/history?period1=345427200&period2=1620518400&interval=1mo&filter=history&frequency=1mo&includeAdjustedClose=true,"Nov 01, 2004",0.94,1.2
1620615670-23317,https://finance.yahoo.com/quote/AAPL/history?period1=345427200&period2=1620518400&interval=1mo&filter=history&frequency=1mo&includeAdjustedClose=true,"Nov 01, 2005",2.04,2.42
1620615670-23305,https://finance.yahoo.com/quote/AAPL/history?period1=345427200&period2=1620518400&interval=1mo&filter=history&frequency=1mo&includeAdjustedClose=true,"Nov 01, 2006",2.9,3.27
1620615670-23293,https://finance.yahoo.com/quote/AAPL/history?period1=345427200&period2=1620518400&interval=1mo&filter=history&frequency=1mo&includeAdjustedClose=true,"Nov 01, 2007",6.74,6.51
1620615670-23281,https://finance.yahoo.com/quote/AAPL/history?period1=345427200&period2=1620518400&interval=1mo&filter=history&frequency=1mo&includeAdjustedClose=true,"Nov 01, 2008",3.78,3.31
1620615670-23269,https://finance.yahoo.com/quote/AAPL/history?period1=345427200&period2=1620518400&interval=1mo&filter=history&frequency=1mo&includeAdjustedClose=true,"Nov 01, 2009",6.78,7.14
1620615670-23257,https://finance.yahoo.com/quote/AAPL/history?period1=345427200&period2=1620518400&interval=1mo&filter=history&frequency=1mo&includeAdjustedClose=true,"Nov 01, 2010",10.79,11.11
1620615670-23245,https://finance.yahoo.com/quote/AAPL/history?period1=345427200&period2=1620518400&interval=1mo&filter=history&frequency=1mo&includeAdjustedClose=true,"Nov 01, 2011",14.19,13.65
1620615670-23232,https://finance.yahoo.com/quote/AAPL/history?period1=345427200&period2=1620518400&interval=1mo&filter=history&frequency=1mo&includeAdjustedClose=true,"Nov 01, 2012",21.36,20.9
1620615670-23216,https://finance.yahoo.com/quote/AAPL/history?period1=345427200&period2=1620518400&interval=1mo&filter=history&frequency=1mo&includeAdjustedClose=true,"Nov 01, 2013",18.72,19.86
1620615670-23199,https://finance.yahoo.com/quote/AAPL/history?period1=345427200&period2=1620518400&interval=1mo&filter=history&frequency=1mo&includeAdjustedClose=true,"Nov 01, 2014",27.06,29.73
1620615670-23183,https://finance.yahoo.com/quote/AAPL/history?period1=345427200&period2=1620518400&interval=1mo&filter=history&frequency=1mo&includeAdjustedClose=true,"Nov 01, 2015",30.2,29.58
1620615670-23167,https://finance.yahoo.com/quote/AAPL/history?period1=345427200&period2=1620518400&interval=1mo&filter=history&frequency=1mo&includeAdjustedClose=true,"Nov 01, 2016",28.36,27.63
1620615670-23151,https://finance.yahoo.com/quote/AAPL/history?period1=345427200&period2=1620518400&interval=1mo&filter=history&frequency=1mo&includeAdjustedClose=true,"Nov 01, 2017",42.47,42.96
1620615670-23135,https://finance.yahoo.com/quote/AAPL/history?period1=345427200&period2=1620518400&interval=1mo&filter=history&frequency=1mo&includeAdjustedClose=true,"Nov 01, 2018",54.76,44.65
1620615670-23119,https://finance.yahoo.com/quote/AAPL/history?period1=345427200&period2=1620518400&interval=1mo&filter=history&frequency=1mo&includeAdjustedClose=true,"Nov 01, 2019",62.38,66.81
1620615670-23102,https://finance.yahoo.com/quote/AAPL/history?period1=345427200&period2=1620518400&interval=1mo&filter=history&frequency=1mo&includeAdjustedClose=true,"Nov 01, 2020",109.11,119.05
1620615670-23596,https://finance.yahoo.com/quote/AAPL/history?period1=345427200&period2=1620518400&interval=1mo&filter=history&frequency=1mo&includeAdjustedClose=true,"Oct 01, 1985",0.07,0.08
1620615670-23584,https://finance.yahoo.com/quote/AAPL/history?period1=345427200&period2=1620518400&interval=1mo&filter=history&frequency=1mo&includeAdjustedClose=true,"Oct 01, 1986",0.15,0.15
1620615670-23569,https://finance.yahoo.com/quote/AAPL/history?period1=345427200&period2=1620518400&interval=1mo&filter=history&frequency=1mo&includeAdjustedClose=true,"Oct 01, 1987",0.51,0.34
1620615670-23553,https://finance.yahoo.com/quote/AAPL/history?period1=345427200&period2=1620518400&interval=1mo&filter=history&frequency=1mo&includeAdjustedClose=true,"Oct 01, 1988",0.38,0.34
1620615670-23537,https://finance.yahoo.com/quote/AAPL/history?period1=345427200&period2=1620518400&interval=1mo&filter=history&frequency=1mo&includeAdjustedClose=true,"Oct 01, 1989",0.4,0.42
1620615670-23521,https://finance.yahoo.com/quote/AAPL/history?period1=345427200&period2=1620518400&interval=1mo&filter=history&frequency=1mo&includeAdjustedClose=true,"Oct 01, 1990",0.26,0.27
1620615670-23505,https://finance.yahoo.com/quote/AAPL/history?period1=345427200&period2=1620518400&interval=1mo&filter=history&frequency=1mo&includeAdjustedClose=true,"Oct 01, 1991",0.44,0.46
1620615670-23489,https://finance.yahoo.com/quote/AAPL/history?period1=345427200&period2=1620518400&interval=1mo&filter=history&frequency=1mo&includeAdjustedClose=true,"Oct 01, 1992",0.4,0.47
1620615670-23473,https://finance.yahoo.com/quote/AAPL/history?period1=345427200&period2=1620518400&interval=1mo&filter=history&frequency=1mo&includeAdjustedClose=true,"Oct 01, 1993",0.2,0.27
1620615670-23457,https://finance.yahoo.com/quote/AAPL/history?period1=345427200&period2=1620518400&interval=1mo&filter=history&frequency=1mo&includeAdjustedClose=true,"Oct 01, 1994",0.3,0.39
1620615670-23441,https://finance.yahoo.com/quote/AAPL/history?period1=345427200&period2=1620518400&interval=1mo&filter=history&frequency=1mo&includeAdjustedClose=true,"Oct 01, 1995",0.34,0.32
1620615670-23428,https://finance.yahoo.com/quote/AAPL/history?period1=345427200&period2=1620518400&interval=1mo&filter=history&frequency=1mo&includeAdjustedClose=true,"Oct 01, 1996",0.2,0.21
1620615670-23416,https://finance.yahoo.com/quote/AAPL/history?period1=345427200&period2=1620518400&interval=1mo&filter=history&frequency=1mo&includeAdjustedClose=true,"Oct 01, 1997",0.19,0.15
1620615670-23404,https://finance.yahoo.com/quote/AAPL/history?period1=345427200&period2=1620518400&interval=1mo&filter=history&frequency=1mo&includeAdjustedClose=true,"Oct 01, 1998",0.33,0.33
1620615670-23392,https://finance.yahoo.com/quote/AAPL/history?period1=345427200&period2=1620518400&interval=1mo&filter=history&frequency=1mo&includeAdjustedClose=true,"Oct 01, 1999",0.55,0.72
1620615670-23379,https://finance.yahoo.com/quote/AAPL/history?period1=345427200&period2=1620518400&interval=1mo&filter=history&frequency=1mo&includeAdjustedClose=true,"Oct 01, 2000",0.48,0.35
1620615670-23367,https://finance.yahoo.com/quote/AAPL/history?period1=345427200&period2=1620518400&interval=1mo&filter=history&frequency=1mo&includeAdjustedClose=true,"Oct 01, 2001",0.28,0.31
1620615670-23355,https://finance.yahoo.com/quote/AAPL/history?period1=345427200&period2=1620518400&interval=1mo&filter=history&frequency=1mo&includeAdjustedClose=true,"Oct 01, 2002",0.26,0.29
1620615670-23343,https://finance.yahoo.com/quote/AAPL/history?period1=345427200&period2=1620518400&interval=1mo&filter=history&frequency=1mo&includeAdjustedClose=true,"Oct 01, 2003",0.37,0.41
1620615670-23331,https://finance.yahoo.com/quote/AAPL/history?period1=345427200&period2=1620518400&interval=1mo&filter=history&frequency=1mo&includeAdjustedClose=true,"Oct 01, 2004",0.7,0.94
1620615670-23318,https://finance.yahoo.com/quote/AAPL/history?period1=345427200&period2=1620518400&interval=1mo&filter=history&frequency=1mo&includeAdjustedClose=true,"Oct 01, 2005",1.93,2.06
1620615670-23306,https://finance.yahoo.com/quote/AAPL/history?period1=345427200&period2=1620518400&interval=1mo&filter=history&frequency=1mo&includeAdjustedClose=true,"Oct 01, 2006",2.68,2.9
1620615670-23294,https://finance.yahoo.com/quote/AAPL/history?period1=345427200&period2=1620518400&interval=1mo&filter=history&frequency=1mo&includeAdjustedClose=true,"Oct 01, 2007",5.52,6.78
1620615670-23282,https://finance.yahoo.com/quote/AAPL/history?period1=345427200&period2=1620518400&interval=1mo&filter=history&frequency=1mo&includeAdjustedClose=true,"Oct 01, 2008",4,3.84
1620615670-23270,https://finance.yahoo.com/quote/AAPL/history?period1=345427200&period2=1620518400&interval=1mo&filter=history&frequency=1mo&includeAdjustedClose=true,"Oct 01, 2009",6.62,6.73
1620615670-23258,https://finance.yahoo.com/quote/AAPL/history?period1=345427200&period2=1620518400&interval=1mo&filter=history&frequency=1mo&includeAdjustedClose=true,"Oct 01, 2010",10.22,10.75
1620615670-23246,https://finance.yahoo.com/quote/AAPL/history?period1=345427200&period2=1620518400&interval=1mo&filter=history&frequency=1mo&includeAdjustedClose=true,"Oct 01, 2011",13.58,14.46
1620615670-23233,https://finance.yahoo.com/quote/AAPL/history?period1=345427200&period2=1620518400&interval=1mo&filter=history&frequency=1mo&includeAdjustedClose=true,"Oct 01, 2012",23.97,21.26
1620615670-23217,https://finance.yahoo.com/quote/AAPL/history?period1=345427200&period2=1620518400&interval=1mo&filter=history&frequency=1mo&includeAdjustedClose=true,"Oct 01, 2013",17.09,18.67
1620615670-23200,https://finance.yahoo.com/quote/AAPL/history?period1=345427200&period2=1620518400&interval=1mo&filter=history&frequency=1mo&includeAdjustedClose=true,"Oct 01, 2014",25.15,27
1620615670-23184,https://finance.yahoo.com/quote/AAPL/history?period1=345427200&period2=1620518400&interval=1mo&filter=history&frequency=1mo&includeAdjustedClose=true,"Oct 01, 2015",27.27,29.88
1620615670-23168,https://finance.yahoo.com/quote/AAPL/history?period1=345427200&period2=1620518400&interval=1mo&filter=history&frequency=1mo&includeAdjustedClose=true,"Oct 01, 2016",28.18,28.39
1620615670-23152,https://finance.yahoo.com/quote/AAPL/history?period1=345427200&period2=1620518400&interval=1mo&filter=history&frequency=1mo&includeAdjustedClose=true,"Oct 01, 2017",38.56,42.26
1620615670-23136,https://finance.yahoo.com/quote/AAPL/history?period1=345427200&period2=1620518400&interval=1mo&filter=history&frequency=1mo&includeAdjustedClose=true,"Oct 01, 2018",56.99,54.72
1620615670-23120,https://finance.yahoo.com/quote/AAPL/history?period1=345427200&period2=1620518400&interval=1mo&filter=history&frequency=1mo&includeAdjustedClose=true,"Oct 01, 2019",56.27,62.19
1620615670-23103,https://finance.yahoo.com/quote/AAPL/history?period1=345427200&period2=1620518400&interval=1mo&filter=history&frequency=1mo&includeAdjustedClose=true,"Oct 01, 2020",117.64,108.86
1620615670-23597,https://finance.yahoo.com/quote/AAPL/history?period1=345427200&period2=1620518400&interval=1mo&filter=history&frequency=1mo&includeAdjustedClose=true,"Sep 01, 1985",0.07,0.07
1620615670-23585,https://finance.yahoo.com/quote/AAPL/history?period1=345427200&period2=1620518400&interval=1mo&filter=history&frequency=1mo&includeAdjustedClose=true,"Sep 01, 1986",0.17,0.15
1620615670-23570,https://finance.yahoo.com/quote/AAPL/history?period1=345427200&period2=1620518400&interval=1mo&filter=history&frequency=1mo&includeAdjustedClose=true,"Sep 01, 1987",0.49,0.5
1620615670-23554,https://finance.yahoo.com/quote/AAPL/history?period1=345427200&period2=1620518400&interval=1mo&filter=history&frequency=1mo&includeAdjustedClose=true,"Sep 01, 1988",0.35,0.39
1620615670-23538,https://finance.yahoo.com/quote/AAPL/history?period1=345427200&period2=1620518400&interval=1mo&filter=history&frequency=1mo&includeAdjustedClose=true,"Sep 01, 1989",0.4,0.4
1620615670-23522,https://finance.yahoo.com/quote/AAPL/history?period1=345427200&period2=1620518400&interval=1mo&filter=history&frequency=1mo&includeAdjustedClose=true,"Sep 01, 1990",0.33,0.26
1620615670-23506,https://finance.yahoo.com/quote/AAPL/history?period1=345427200&period2=1620518400&interval=1mo&filter=history&frequency=1mo&includeAdjustedClose=true,"Sep 01, 1991",0.47,0.44
1620615670-23490,https://finance.yahoo.com/quote/AAPL/history?period1=345427200&period2=1620518400&interval=1mo&filter=history&frequency=1mo&includeAdjustedClose=true,"Sep 01, 1992",0.41,0.4
1620615670-23474,https://finance.yahoo.com/quote/AAPL/history?period1=345427200&period2=1620518400&interval=1mo&filter=history&frequency=1mo&includeAdjustedClose=true,"Sep 01, 1993",0.24,0.21
1620615670-23458,https://finance.yahoo.com/quote/AAPL/history?period1=345427200&period2=1620518400&interval=1mo&filter=history&frequency=1mo&includeAdjustedClose=true,"Sep 01, 1994",0.32,0.3
1620615670-23442,https://finance.yahoo.com/quote/AAPL/history?period1=345427200&period2=1620518400&interval=1mo&filter=history&frequency=1mo&includeAdjustedClose=true,"Sep 01, 1995",0.38,0.33
1620615670-23429,https://finance.yahoo.com/quote/AAPL/history?period1=345427200&period2=1620518400&interval=1mo&filter=history&frequency=1mo&includeAdjustedClose=true,"Sep 01, 1996",0.22,0.2
1620615670-23417,https://finance.yahoo.com/quote/AAPL/history?period1=345427200&period2=1620518400&interval=1mo&filter=history&frequency=1mo&includeAdjustedClose=true,"Sep 01, 1997",0.2,0.19
1620615670-23405,https://finance.yahoo.com/quote/AAPL/history?period1=345427200&period2=1620518400&interval=1mo&filter=history&frequency=1mo&includeAdjustedClose=true,"Sep 01, 1998",0.28,0.34
1620615670-23393,https://finance.yahoo.com/quote/AAPL/history?period1=345427200&period2=1620518400&interval=1mo&filter=history&frequency=1mo&includeAdjustedClose=true,"Sep 01, 1999",0.6,0.57
1620615670-23380,https://finance.yahoo.com/quote/AAPL/history?period1=345427200&period2=1620518400&interval=1mo&filter=history&frequency=1mo&includeAdjustedClose=true,"Sep 01, 2000",1.09,0.46
1620615670-23368,https://finance.yahoo.com/quote/AAPL/history?period1=345427200&period2=1620518400&interval=1mo&filter=history&frequency=1mo&includeAdjustedClose=true,"Sep 01, 2001",0.33,0.28
1620615670-23356,https://finance.yahoo.com/quote/AAPL/history?period1=345427200&period2=1620518400&interval=1mo&filter=history&frequency=1mo&includeAdjustedClose=true,"Sep 01, 2002",0.26,0.26
1620615670-23344,https://finance.yahoo.com/quote/AAPL/history?period1=345427200&period2=1620518400&interval=1mo&filter=history&frequency=1mo&includeAdjustedClose=true,"Sep 01, 2003",0.4,0.37
1620615670-23332,https://finance.yahoo.com/quote/AAPL/history?period1=345427200&period2=1620518400&interval=1mo&filter=history&frequency=1mo&includeAdjustedClose=true,"Sep 01, 2004",0.61,0.69
1620615670-23319,https://finance.yahoo.com/quote/AAPL/history?period1=345427200&period2=1620518400&interval=1mo&filter=history&frequency=1mo&includeAdjustedClose=true,"Sep 01, 2005",1.68,1.91
1620615670-23307,https://finance.yahoo.com/quote/AAPL/history?period1=345427200&period2=1620518400&interval=1mo&filter=history&frequency=1mo&includeAdjustedClose=true,"Sep 01, 2006",2.45,2.75
1620615670-23295,https://finance.yahoo.com/quote/AAPL/history?period1=345427200&period2=1620518400&interval=1mo&filter=history&frequency=1mo&includeAdjustedClose=true,"Sep 01, 2007",5,5.48
1620615670-23283,https://finance.yahoo.com/quote/AAPL/history?period1=345427200&period2=1620518400&interval=1mo&filter=history&frequency=1mo&includeAdjustedClose=true,"Sep 01, 2008",6.16,4.06
1620615670-23271,https://finance.yahoo.com/quote/AAPL/history?period1=345427200&period2=1620518400&interval=1mo&filter=history&frequency=1mo&includeAdjustedClose=true,"Sep 01, 2009",6,6.62
1620615670-23259,https://finance.yahoo.com/quote/AAPL/history?period1=345427200&period2=1620518400&interval=1mo&filter=history&frequency=1mo&includeAdjustedClose=true,"Sep 01, 2010",8.84,10.13
1620615670-23247,https://finance.yahoo.com/quote/AAPL/history?period1=345427200&period2=1620518400&interval=1mo&filter=history&frequency=1mo&includeAdjustedClose=true,"Sep 01, 2011",13.78,13.62
1620615670-23234,https://finance.yahoo.com/quote/AAPL/history?period1=345427200&period2=1620518400&interval=1mo&filter=history&frequency=1mo&includeAdjustedClose=true,"Sep 01, 2012",23.78,23.83
1620615670-23218,https://finance.yahoo.com/quote/AAPL/history?period1=345427200&period2=1620518400&interval=1mo&filter=history&frequency=1mo&includeAdjustedClose=true,"Sep 01, 2013",17.61,17.03
1620615670-23201,https://finance.yahoo.com/quote/AAPL/history?period1=345427200&period2=1620518400&interval=1mo&filter=history&frequency=1mo&includeAdjustedClose=true,"Sep 01, 2014",25.76,25.19
1620615670-23185,https://finance.yahoo.com/quote/AAPL/history?period1=345427200&period2=1620518400&interval=1mo&filter=history&frequency=1mo&includeAdjustedClose=true,"Sep 01, 2015",27.54,27.58
1620615670-23169,https://finance.yahoo.com/quote/AAPL/history?period1=345427200&period2=1620518400&interval=1mo&filter=history&frequency=1mo&includeAdjustedClose=true,"Sep 01, 2016",26.53,28.26
1620615670-23153,https://finance.yahoo.com/quote/AAPL/history?period1=345427200&period2=1620518400&interval=1mo&filter=history&frequency=1mo&includeAdjustedClose=true,"Sep 01, 2017",41.2,38.53
1620615670-23137,https://finance.yahoo.com/quote/AAPL/history?period1=345427200&period2=1620518400&interval=1mo&filter=history&frequency=1mo&includeAdjustedClose=true,"Sep 01, 2018",57.1,56.44
1620615670-23121,https://finance.yahoo.com/quote/AAPL/history?period1=345427200&period2=1620518400&interval=1mo&filter=history&frequency=1mo&includeAdjustedClose=true,"Sep 01, 2019",51.61,55.99
1620615670-23104,https://finance.yahoo.com/quote/AAPL/history?period1=345427200&period2=1620518400&interval=1mo&filter=history&frequency=1mo&includeAdjustedClose=true,"Sep 01, 2020",132.76,115.81
